tree
version=v4
num_class=1
num_tree_per_iteration=1
label_index=0
max_feature_idx=4
feature_names=employment_status debt_to_income_ratio grade_subgrade interest_rate delinquency_history
feature_infos=[0:4] [0.01:0.65000000000000002] [0:29] [3.1400000000000001:22.510000000000002] [0:11]
tree_sizes=6776 6786 6804 6772 6790 6824 6816 6801 6809 6779 6819 6780 6827 6828 6776 6835 6802 6830 6828 6816 6829 6816 6835 6855 6807 6853 6833 6821 6831 6858 6840 6824 6859 6841 6821 6840 6844 6854

Tree=0
num_leaves=63
num_cat=0
split_feature=0 1 2 2 1 2 1 1 2 2 1 1 1 1 2 1 2 2 3 3 2 1 4 1 4 4 3 3 3 1 2 1 3 1 1 3 4 2 4 2 2 1 1 1 4 1 1 3 3 3 1 0 3 0 0 3 1 3 1 0 1 4
split_gain=926.436 101.198 45.1315 29.0216 52.5364 28.1169 18.9711 13.9665 26.4568 10.6491 8.57745 7.17036 4.08018 3.98504 3.84179 3.13471 3.10095 2.40048 2.0879 1.89394 2.40676 1.84586 1.78382 1.73546 1.64139 1.38521 1.78645 1.38067 2.07258 1.35511 1.24876 1.20404 1.19033 1.16986 1.121 1.0981 1.04211 1.34628 1.02558 1.02433 1.00253 0.954538 1.08185 0.899629 0.878063 0.97521 1.35759 1.09021 0.864901 1.37886 1.49204 1.14875 1.15508 0.8599 1.68494 1.4255 0.857171 0.82671 0.992179 0.826012 4.32521 0.784245
threshold=2.5000000000000004 0.17250000000000001 14.500000000000002 9.5000000000000018 0.14550000000000002 14.500000000000002 0.26750000000000007 0.075500000000000012 14.500000000000002 22.500000000000004 0.31950000000000006 0.37750000000000006 0.16850000000000004 0.13050000000000003 24.500000000000004 0.099500000000000019 9.5000000000000018 10.500000000000002 9.0550000000000015 14.695000000000002 22.500000000000004 0.059500000000000004 3.5000000000000004 0.46550000000000008 4.5000000000000009 3.5000000000000004 13.015000000000002 13.595000000000001 9.9550000000000018 0.25950000000000006 22.500000000000004 0.17150000000000001 14.925000000000002 0.36250000000000004 0.18650000000000003 11.995000000000003 2.5000000000000004 16.500000000000004 1.5000000000000002 5.5000000000000009 4.5000000000000009 0.33750000000000008 0.41250000000000003 0.27350000000000008 2.5000000000000004 0.28550000000000003 0.23450000000000001 15.975000000000003 14.035000000000002 12.635000000000003 0.12350000000000001 1.5000000000000002 17.255000000000006 1.0000000180025095e-35 1.5000000000000002 14.155000000000003 0.14950000000000002 14.125000000000002 0.15150000000000002 3.5000000000000004 0.15550000000000003 1.5000000000000002
decision_type=2 2 2 2 2 2 2 2 2 2 2 2 2 2 2 2 2 2 2 2 2 2 2 2 2 2 2 2 2 2 2 2 2 2 2 2 2 2 2 2 2 2 2 2 2 2 2 2 2 2 2 2 2 2 2 2 2 2 2 2 2 2
left_child=1 2 31 4 -2 6 16 8 21 13 14 18 -6 -4 19 22 -3 39 -8 20 24 -5 -11 25 -7 26 41 28 -15 32 38 -1 -18 -27 -16 -22 37 -28 -21 -13 43 -12 -43 -14 45 46 47 -36 49 50 -17 52 61 -20 -55 -56 -51 58 -29 60 -9 -50
right_child=3 5 9 7 12 10 11 59 -10 15 23 17 40 27 34 48 29 -19 53 30 35 -23 -24 -25 -26 33 36 57 -30 -31 -32 -33 -34 -35 44 -37 -38 -39 -40 -41 -42 42 -44 -45 -46 -47 -48 -49 51 56 -52 -53 -54 54 55 -57 -58 -59 -60 -61 -62 -63
leaf_value=-0.088480932521575295 -0.086440295417357704 -0.075595155541836059 -0.063172544909949682 -0.064325278776660264 0.0064640579001236853 -0.03232238928742303 -0.058157914798884561 0.046087780849713593 0.082379021825399856 -0.044838658475368144 0.0087183296447897081 0.010737196422289078 0.0074238373180200547 0.0027464744750334987 -0.023379797255136586 0.027464805343581335 -0.054222880717380732 0.022790092042616238 -0.020256977543380388 0.012898393711564702 0.026563430089817493 -0.0064640504413129201 0.0010890757503651926 0.036916144493896151 -0.0012918049984786432 0.036580289655433779 -0.019102021640821483 0.019275101306689284 -0.053699031815010081 -0.015930586589971037 -0.033711702873993471 -0.013508210655282536 -0.015479670437098492 0.0025836108906226807 -0.032211465788466384 -0.011921629376839132 -0.010701579696495579 0.025119194633874343 -0.010816475336232688 -0.026606501242670888 0.085423311302767174 -0.041002325386810062 0.009648741839210077 0.056869029759296134 0.018813290656996908 -0.03286028979947319 0.024613568724106041 0.012531232512119177 0.015770205059411478 -0.053685673416034987 -0.029186178733648843 0.022896174444620717 -0.035523526054148914 -0.07013909903992209 -0.031500317307604525 0.015427238417593268 -0.0017294937423179828 -0.029243355863666221 -0.025074995505854753 0.097062756101778919 0.090298553931173767 -0.011778390677581636
leaf_weight=145.60499900579453 6.3760509788990047 23.266949117183685 61.858682870864868 3.0575175285339382 2.4609079957008388 46.757427632808685 5.6675848960876456 11.782486170530317 11.446868598461149 13.385916471481321 1.5660316348075927 2.1253283619880667 2.0134698152542145 1.715179026126864 2.3490574359893825 1.7151730358600645 43.215284913778305 9.4707535207271558 31.39530423283577 6.2268396914005342 2.0880375206470481 2.4609119892120361 2.4236231446266165 4.9590868651866904 4.7726745903491965 4.8099414706230146 1.3423185348510731 1.9016072750091546 14.206235110759733 3.9150910675525656 2.8710733056068412 0.93216520547866721 3.0947864055633536 4.7726725935935974 2.1253403425216697 3.6913699805736542 3.8778022229671469 8.203012675046919 11.409685581922529 4.3252483904361725 13.534894138574598 3.7286688089370728 0.93216121196746815 1.4914479553699491 8.3148772120475751 1.1558882892131803 3.3930632174015045 1.6778901815414426 3.7286448478698713 2.1253463327884679 1.0440277457237241 2.9083401858806601 1.9389081001281727 2.3490714132785779 6.3387281894683838 1.4168842434883115 1.1558822989463804 9.5826619863510114 1.2304599881172178 111.78399500250816 24.683465957641602 4.6981068849563599
leaf_count=3763 171 580 1461 78 42 974 136 158 113 297 26 35 34 30 49 24 987 148 620 103 30 46 43 69 86 67 28 29 327 77 63 19 61 84 47 71 74 126 216 90 131 84 15 14 133 27 51 27 60 53 24 44 44 63 134 22 21 199 27 1020 234 90
internal_value=-0.0142397 -0.0477276 -0.0691647 0.0801068 0.0294105 -0.0257497 -0.0415459 0.0878223 0.0413012 -0.0465562 -0.00909377 -0.0209442 0.0696584 -0.0556263 -0.0166548 -0.0222947 -0.0587127 0.00771219 -0.0305764 -0.0215246 -0.0261534 -0.0434725 -0.0381519 0.0121843 -0.0295277 0.00690647 -0.000902805 -0.0377436 -0.0478153 -0.0495687 -0.00797462 -0.0880988 -0.0520157 0.0214922 0.00335302 0.00384991 0.00930651 0.0176788 -0.00220076 -0.0145128 0.0779208 -0.0211533 -0.0309572 0.0364175 0.00823084 -0.00318949 0.00500402 -0.0139728 -0.00807592 -0.022243 0.00396742 -0.00052243 -0.00852948 -0.0255298 -0.0386132 -0.0221442 -0.0400621 -0.022565 0 0.0928337 0.077625 0.000791065
internal_weight=730.854 539.762 272.156 191.092 25.8768 267.606 136.581 165.215 16.9653 125.619 131.025 63.0889 19.5007 90.4948 96.8332 35.124 73.4921 15.9213 47.1676 77.8171 57.3095 5.51843 15.8095 34.1917 51.5301 29.2326 19.65 28.6361 15.9214 50.2252 20.5076 146.537 46.3101 9.58261 19.0161 5.77941 13.4231 9.54533 17.6365 6.45058 17.0398 6.22686 4.66083 3.50492 16.6671 8.35218 7.19629 3.80323 19.3144 6.04043 2.7592 13.274 10.3657 41.5 10.1047 7.75561 3.28123 12.7147 3.13207 148.25 36.466 8.42675
internal_count=13999 11958 6555 2041 392 5403 2953 1649 237 2773 2450 1248 221 2073 1877 700 1705 273 975 1543 1161 124 340 573 1060 504 353 612 357 1125 382 3782 1048 151 334 101 228 154 319 125 179 125 99 48 285 152 125 74 360 122 48 238 194 839 219 156 74 255 56 1412 392 150
is_linear=0
shrinkage=0.05


Tree=1
num_leaves=63
num_cat=0
split_feature=0 1 2 2 1 2 1 1 2 2 1 1 1 1 0 2 1 1 2 3 2 3 2 2 4 4 3 4 0 3 1 3 3 1 3 3 1 1 1 1 0 2 3 1 1 3 2 2 2 0 2 1 1 4 0 3 1 4 3 3 2 3
split_gain=705.262 76.6543 36.0297 21.8633 41.1885 20.0403 13.0293 10.7042 21.0098 7.20149 6.28921 5.78672 4.29798 3.80886 5.41204 3.0811 2.16956 2.11162 2.09515 2.07131 1.86732 1.43944 1.76633 1.42216 1.37228 1.31371 1.24954 1.23005 1.13682 1.11017 3.12347 1.02389 0.988634 0.966929 0.955072 0.99522 0.926917 0.895891 0.875312 0.875286 0.846892 0.824731 0.800944 0.799344 1.08942 0.780909 0.776186 0.76593 0.761862 0.868928 1.58634 0.847781 1.54013 0.73685 0.764286 0.725294 0.768818 0.718388 1.38472 0.983825 0.85992 0.698604
threshold=2.5000000000000004 0.17850000000000002 14.500000000000002 9.5000000000000018 0.14550000000000002 14.500000000000002 0.37750000000000006 0.079500000000000015 14.500000000000002 22.500000000000004 0.31950000000000006 0.25750000000000006 0.077500000000000013 0.21750000000000003 3.5000000000000004 24.500000000000004 0.099500000000000019 0.067500000000000018 10.500000000000002 14.095000000000001 10.500000000000002 14.695000000000002 22.500000000000004 17.500000000000004 3.5000000000000004 3.5000000000000004 9.6350000000000033 3.5000000000000004 1.0000000180025095e-35 13.845000000000001 0.13850000000000004 9.1750000000000025 14.845000000000001 0.46550000000000008 13.915000000000001 10.715000000000002 0.42350000000000004 0.16750000000000004 0.28550000000000003 0.17450000000000002 1.5000000000000002 5.5000000000000009 14.435 0.33550000000000008 0.34350000000000008 11.995000000000003 7.5000000000000009 22.500000000000004 17.500000000000004 1.5000000000000002 15.500000000000002 0.24450000000000002 0.22350000000000003 3.5000000000000004 1.0000000180025095e-35 10.295000000000002 0.26350000000000007 2.5000000000000004 11.965000000000002 17.990000000000006 26.500000000000004 14.245000000000003
decision_type=2 2 2 2 2 2 2 2 2 2 2 2 2 2 2 2 2 2 2 2 2 2 2 2 2 2 2 2 2 2 2 2 2 2 2 2 2 2 2 2 2 2 2 2 2 2 2 2 2 2 2 2 2 2 2 2 2 2 2 2 2 2
left_child=1 2 29 4 -2 6 11 8 17 12 15 19 -4 14 -6 21 24 -5 26 40 41 22 25 53 -11 48 -13 32 -27 -1 -31 -14 -23 36 35 55 -25 -18 -37 -33 -3 -8 -21 -40 -45 -24 -42 -34 49 51 -51 52 -7 54 -12 56 -20 58 -17 -60 -59 -22
right_child=3 5 9 7 13 10 20 -9 -10 16 23 18 31 -15 -16 57 37 -19 34 42 61 27 45 33 -26 28 -28 -29 -30 30 -32 39 47 -35 -36 38 -38 -39 43 -41 46 -43 -44 44 -46 -47 -48 -49 -50 50 -52 -53 -54 -55 -56 -57 -58 60 59 -61 -62 -63
leaf_value=-0.078709225729648932 -0.076556423678813323 -0.058822933885237252 -0.064335624376012715 -0.052467543907649308 -0.042529969822114044 -0.027827681592043588 0.0097601193962291027 0.081086980694151989 0.073256581827514086 -0.039283605858633643 -0.001796461905804955 -0.058968899456942503 -1.5201924729364064e-05 0.077913018942599416 0.047317460594578635 0.029398908655851493 -0.0042113344021853238 0.0056367182905127195 0.01450406843419603 0.0020307697576566592 0.024674894648355972 0.025742094588791248 0.023029045371858532 0.016355761843929863 0.00098591279689035148 -0.00069272675016403935 -0.029360366224862263 -0.029026152334224922 -0.037474346659103423 -0.069964035745451889 -0.023299806716190016 -0.041298510888373378 0.00063978430832059465 0.040869130009851928 5.5496003091936848e-05 -0.011430904860269694 -0.014746615471634354 -0.034286546281952067 -0.047889318743733443 -0.0093113535589079369 -0.057166805472539731 -0.02371769900528356 -0.031898159767194859 0.014007252984704966 -0.031376658349792329 -0.0099638547502785505 -0.021873094306921699 -0.027525244335129647 -0.038457635700011344 -0.032705366318221865 0.021261531321229776 -0.040466930252451551 0.010005142739121436 0.011673834851622218 -0.034570392713287518 0.015139834164942748 -0.022372649359387015 -0.0073312987017177091 -0.021068128203428779 0.01840852484886121 0.02298210787974422 -0.010551623045299526
leaf_weight=130.94728395342827 6.395844608545306 44.533431205898523 27.864360596984625 4.0356539487838772 1.3699369803071046 6.6764269396662765 2.1255386471748343 147.30436714738607 12.142693161964415 13.392177931964396 6.1886851415038091 6.3530195690691498 1.6377107128500927 12.376607216894625 5.7874141447246075 1.3415142707526699 18.394002564251426 2.0082602649927139 1.0781353227794221 2.3385210447013369 8.3923180624842626 2.123654596507552 1.940024822950362 16.78586361557246 2.4236254394054404 9.0185901820659602 17.459372159093618 3.656816601753234 1.7543082535266883 14.704121284186842 6.4169476404786101 62.72164274379611 11.334718901664017 3.0993263199925414 5.7039245367050162 5.8915908001363304 1.9757362902164448 1.940587569028138 6.5345731414854509 2.9083853214979163 2.4301905557513219 4.3267059735953808 4.7038465365767479 1.48915146663785 2.2026827447116375 3.6542998850345612 7.590360376983881 2.0523297414183608 17.500975333154202 1.2326202690601342 2.4908819496631622 6.0098725631833068 3.497782789170742 4.5871503055095673 1.5668627992272375 1.861715644598007 5.2197162471711636 2.907320708036421 6.829754400998354 1.1559588499367235 6.079867459833622 1.0797654427587975
leaf_count=3398 171 1067 684 98 33 141 35 1398 119 297 112 156 30 117 71 18 337 34 17 43 127 31 28 272 43 164 366 78 41 376 137 1394 202 39 103 114 39 44 151 56 63 90 102 24 49 70 158 45 383 29 39 135 60 75 36 30 108 54 137 17 93 21
internal_value=-0.0124024 -0.041622 -0.059527 0.0698338 0.0258592 -0.0217097 -0.0352924 0.0765272 0.0372936 -0.0398356 -0.00732663 -0.0411003 -0.0470711 0.0614875 0.0270149 -0.0141415 -0.0200401 -0.0351015 -0.0282169 -0.0517213 0.00673456 -0.018694 -0.022846 0.0107411 -0.033421 -0.0258785 -0.039318 -0.00648987 -0.00935675 -0.0761556 -0.0574808 -0.039082 0.00025952 0.0181338 -0.0184155 -0.0225856 0.0125 -0.00855405 -0.0295143 -0.040042 -0.0551248 -0.0128594 -0.02178 -0.0379862 -0.0139867 0.00323478 -0.0348432 -0.00529119 -0.0302689 -0.021575 0.000254648 -0.02632 -0.0150898 -0.0027302 -0.01161 -0.0071711 -0.0149373 0.00401939 -0.00546442 -0.013941 0.0134237 0.0200351
internal_weight=731.548 540.127 283.351 191.421 25.9298 256.776 131.315 165.491 18.1866 131.282 125.461 115.39 95.1321 19.534 7.15735 91.2577 36.1504 6.04391 53.7939 61.5963 15.9243 72.9433 53.7758 34.2036 15.8158 48.1815 23.8124 19.1675 10.7729 152.068 21.1211 67.2677 15.5107 21.8609 29.9815 24.2776 18.7616 20.3346 16.118 65.63 54.554 6.45224 7.04237 10.2264 3.69183 5.59432 10.0206 13.387 37.4086 19.9076 3.7235 16.1841 10.1742 12.3427 7.75555 8.15957 6.29785 18.3144 9.32723 7.98571 8.98719 9.47208
internal_count=13999 11958 6796 2041 392 5162 2824 1649 251 2885 2338 2551 2164 221 104 1765 721 132 1118 1433 273 1446 1090 573 340 992 522 356 205 3911 513 1480 278 350 596 493 311 381 338 1450 1288 125 145 224 73 98 221 247 787 404 68 336 201 223 148 155 125 319 172 154 147 148
is_linear=0
shrinkage=0.05


Tree=2
num_leaves=63
num_cat=0
split_feature=0 1 2 1 2 2 2 1 1 0 1 2 2 1 2 1 2 3 1 1 1 3 1 1 0 0 4 1 1 3 4 3 3 0 3 1 3 1 3 1 4 3 3 0 3 1 2 1 3 3 3 1 1 1 2 4 0 3 0 1 1 3
split_gain=552.04 60.6014 27.7728 17.7772 37.847 16.8543 12.5035 9.1593 8.89353 6.94553 6.4479 6.07246 4.62631 3.67246 3.37981 2.90867 2.77237 2.61158 2.18622 2.11531 1.81664 1.56557 1.51451 1.51251 1.25614 2.0019 1.17642 1.43226 1.42416 1.11656 1.10854 1.04241 1.28945 1.02887 1.02215 0.984062 1.27491 0.938835 0.935851 0.930459 0.921961 0.901137 1.90294 0.896166 0.868234 1.99938 1.43214 0.894417 1.12559 0.856984 0.84945 0.83172 0.996678 0.816776 1.24634 0.876069 0.808146 0.781509 0.792118 0.957925 1.08196 0.870764
threshold=2.5000000000000004 0.17250000000000001 14.500000000000002 0.13350000000000004 14.500000000000002 13.500000000000002 9.5000000000000018 0.31750000000000006 0.067500000000000018 3.5000000000000004 0.31950000000000006 22.500000000000004 4.5000000000000009 0.24450000000000002 9.5000000000000018 0.077500000000000013 19.500000000000004 14.065000000000003 0.24650000000000002 0.46550000000000008 0.10650000000000001 11.335000000000003 0.21350000000000002 0.37750000000000006 1.5000000000000002 1.0000000180025095e-35 3.5000000000000004 0.37750000000000006 0.34850000000000003 15.075000000000001 1.5000000000000002 12.745000000000003 13.595000000000001 1.0000000180025095e-35 13.245000000000003 0.16650000000000004 14.375000000000002 0.088500000000000009 9.1750000000000025 0.36250000000000004 3.5000000000000004 10.715000000000002 9.0550000000000015 1.0000000180025095e-35 13.615 0.12350000000000001 28.500000000000004 0.14650000000000002 17.380000000000006 13.875000000000002 12.505000000000001 0.18850000000000003 0.20150000000000004 0.35650000000000004 6.5000000000000009 1.5000000000000002 1.5000000000000002 11.465000000000002 1.0000000180025095e-35 0.085500000000000007 0.13050000000000003 13.595000000000001
decision_type=2 2 2 2 2 2 2 2 2 2 2 2 2 2 2 2 2 2 2 2 2 2 2 2 2 2 2 2 2 2 2 2 2 2 2 2 2 2 2 2 2 2 2 2 2 2 2 2 2 2 2 2 2 2 2 2 2 2 2 2 2 2
left_child=1 2 35 4 6 7 -2 14 -8 -10 16 15 13 -5 31 34 17 -7 22 26 40 -18 49 53 25 51 27 28 43 41 50 -3 -33 -19 -4 -1 -37 -11 -17 -28 -13 42 -20 -12 45 -22 47 48 -46 -16 -25 -23 -53 55 -55 -9 -35 -40 59 -59 -61 -62
right_child=3 5 11 12 -6 10 8 23 9 37 19 20 -14 -15 18 38 21 33 29 -21 44 24 -24 30 -26 -27 39 -29 -30 -31 -32 32 -34 56 -36 36 -38 -39 57 -41 -42 -43 -44 -45 46 -47 -48 -49 -50 -51 -52 52 -54 54 -56 -57 -58 58 -60 60 61 -63
leaf_value=-0.069672786715443261 -0.06842006528319558 -0.059918090391874269 -0.069903192195505184 -0.031516067406091135 0.071359164714610249 -0.026240952666220192 -0.047318127347878811 0.0049573251737593527 -0.029668053265158548 0.016845886568868301 0.0092740595971205278 -0.032910978691592908 0.074387164731522112 0.048177670014489873 -0.03570833957036882 0.0013584512791789056 0.024872230022883968 0.001171172134379 -0.043459592527005042 0.034926642244330661 0.011200437186864028 -0.027045757733419926 -0.056733232672258355 0.03082277459655482 0.013300130712863635 -0.05255352876900507 0.029801272810599529 0.01131182330275938 -0.03212259691293063 0.01311617318025713 -0.0071645006260271015 -0.0016071386392103551 -0.049326835480593217 -0.049015933222206258 -0.042093052628522559 -0.045170579710575517 0.011213762516787342 0.056622075851009701 -0.052497589171409176 0.00068157917543181347 -0.0010411306838919215 -0.030006475769164105 0.0091188622215961131 -0.023972475970168126 0.0075934610258723088 -0.046645026259930229 -0.032893491081570435 0.024882774287855083 -0.033079431109614164 -0.0079444780068970555 -0.012670594489888191 0.016848971448148082 -0.007770733251732157 0.0031182539620966242 -0.049593456595621158 -0.021042585697455613 -0.0069755139546529886 -0.0041158861348070232 -0.046447237757329646 -0.039445422587432916 -0.030805433900829356 -0.0082545598609884054
leaf_weight=138.12531828135252 5.7176330126822021 26.912539888173345 12.843916762620212 1.6671413220465177 33.916599191725254 51.853366032242775 4.0137787535786655 4.7507752180099541 3.0862748175859425 3.1181095317006111 6.4152308180928248 14.973581407219173 126.82041789218783 2.3024491369724274 17.040607601404194 1.6002847328782071 3.3517860956490031 16.349787250161175 1.4196330048143924 5.5517551451921454 2.1256158798933056 3.322033826261765 12.112802863121031 3.3204054310917845 5.5138142369687548 1.6782719902694214 5.2177264131605607 9.4357576668262464 4.8098194040358058 1.7113361656665791 9.790559243410824 2.9029683284461489 1.8995049744844434 1.0461621545255173 14.748061858117579 5.5677654221653929 0.77301026880741108 7.8196117430925369 9.0415416844189149 4.9948294684290886 2.7227674238383761 14.005522135645149 5.1257109679281712 1.7894457355141637 6.1930254288017714 2.3542831353843212 1.5306554101407535 3.9505875706672668 1.2327102236449716 4.0862023718655101 0.89447693899273861 4.1354913152754333 19.978012457489967 1.3744467832148064 3.2125231586396694 7.4065674282610416 3.5430063828825951 4.0840155333280554 10.705011520534752 18.738003939390182 8.7445330619812029 9.4349209778010827
leaf_count=3631 155 670 336 37 329 1090 98 86 63 47 108 329 1206 24 387 29 50 295 36 75 35 71 298 47 92 43 74 157 103 28 181 57 49 28 348 138 13 82 219 88 49 300 90 38 106 57 35 60 29 80 18 67 374 25 78 153 67 81 252 430 194 184
internal_value=-0.0109894 -0.0368463 -0.0535477 0.0624163 0.0382172 -0.0198492 -0.010072 -0.0338947 0.0110456 0.0297874 -0.0085762 -0.0358192 0.072716 0.0151011 -0.0421042 -0.0427063 -0.0146535 -0.0203082 -0.0334951 0.00896435 -0.0174688 -0.00357263 -0.0417218 -0.0100172 -0.00694679 -0.0110956 0.00364504 -0.00284345 -0.0131811 -0.0199464 0.00212281 -0.0556858 -0.0257297 -0.00508979 -0.0570306 -0.0685386 -0.0377055 0.0476438 -0.035567 0.0168902 -0.0283254 -0.0231805 -0.0065334 0.000206349 -0.00547928 -0.0221632 0.00148885 0.0083989 -0.0022831 -0.0309402 0.0209329 -0.00680063 -0.00304564 -0.0197188 -0.0360678 -0.0112779 -0.0236143 -0.036546 -0.0328135 -0.0282328 -0.0307218 -0.0201424
internal_weight=724.905 536.442 269.49 188.462 57.672 266.953 23.7554 117.967 18.0378 14.024 148.986 125.024 130.79 3.96959 87.2168 89.9403 110.772 72.7923 55.5018 38.2146 35.0832 37.9794 33.2396 30.7498 34.6276 29.1138 32.6628 22.4503 13.0145 22.2622 14.0054 31.715 4.80247 20.939 27.592 144.466 6.34078 10.9377 62.3483 10.2126 17.6963 20.5509 6.54534 8.20468 17.3869 4.4799 12.907 11.3763 7.42574 21.1268 4.21488 27.4355 24.1135 16.7443 4.58697 12.1573 4.58917 60.748 51.7065 41.0015 36.9175 18.1795
internal_count=13999 11958 6555 2041 774 5403 445 2583 290 192 2820 2773 1267 61 1995 2073 2177 1480 1219 643 700 697 765 588 647 555 568 406 249 454 246 776 106 390 684 3782 151 129 1389 162 378 426 126 146 322 92 230 195 135 467 65 512 441 342 103 239 95 1360 1141 889 808 378
is_linear=0
shrinkage=0.05


Tree=3
num_leaves=63
num_cat=0
split_feature=0 1 2 2 1 2 1 1 2 2 1 1 1 1 1 2 2 0 0 3 0 1 1 2 1 3 1 0 1 1 2 3 3 1 1 1 3 1 4 2 1 3 0 0 4 4 4 3 3 3 2 2 1 1 3 3 1 1 3 3 4 1
split_gain=441.124 49.521 23.335 15.4034 27.5647 13.6208 8.61011 7.6621 14.3289 4.82159 3.90456 3.70693 2.70518 2.46483 2.23966 2.06657 1.96259 1.86529 2.01458 1.80048 1.40556 1.64539 1.37405 1.32491 2.26159 1.91184 1.29064 1.24318 3.34617 1.22967 1.2162 1.2871 1.11805 1.10321 1.02926 1.02745 1.00056 0.913977 1.78826 1.05355 0.831683 0.811775 0.771618 3.5544 1.13274 1.37117 1.01171 1.67418 1.0712 1.03216 1.02859 0.987641 0.966913 0.892836 0.770887 0.735037 0.728559 0.929219 0.954115 0.72566 0.774001 0.746443
threshold=2.5000000000000004 0.17250000000000001 14.500000000000002 9.5000000000000018 0.16550000000000004 15.500000000000002 0.26050000000000006 0.090500000000000011 14.500000000000002 22.500000000000004 0.30550000000000005 0.37750000000000006 0.059500000000000004 0.079500000000000015 0.14550000000000002 9.5000000000000018 24.500000000000004 1.0000000180025095e-35 1.5000000000000002 9.0550000000000015 3.5000000000000004 0.26250000000000007 0.05050000000000001 9.5000000000000018 0.10850000000000001 13.945000000000002 0.46550000000000008 3.5000000000000004 0.15550000000000003 0.054500000000000007 10.500000000000002 14.435 15.495000000000003 0.13850000000000004 0.15050000000000002 0.42350000000000004 13.245000000000003 0.10650000000000001 3.5000000000000004 27.500000000000004 0.18650000000000003 9.1750000000000025 1.0000000180025095e-35 1.5000000000000002 2.5000000000000004 1.5000000000000002 3.5000000000000004 14.555000000000001 13.705000000000002 16.015000000000004 17.500000000000004 22.500000000000004 0.25950000000000006 0.24250000000000002 14.585000000000003 14.155000000000003 0.27350000000000008 0.21550000000000002 15.575000000000001 11.015000000000002 2.5000000000000004 0.36950000000000005
decision_type=2 2 2 2 2 2 2 2 2 2 2 2 2 2 2 2 2 2 2 2 2 2 2 2 2 2 2 2 2 2 2 2 2 2 2 2 2 2 2 2 2 2 2 2 2 2 2 2 2 2 2 2 2 2 2 2 2 2 2 2 2 2
left_child=1 2 23 4 14 6 15 8 12 13 16 17 -5 36 -2 -3 42 19 -19 -8 21 -6 -11 -1 -25 -26 35 28 -9 -24 -13 -32 -17 -27 -35 59 -4 38 39 -31 -18 -15 46 -44 45 -45 47 51 50 54 -48 -7 -46 -53 -50 -20 57 58 -49 60 -12 -61
right_child=3 5 9 7 20 10 11 27 -10 22 26 30 -14 41 -16 32 40 18 55 -21 -22 -23 29 24 25 33 -28 -29 -30 37 31 -33 -34 34 -36 -37 -38 -39 -40 -41 -42 -43 43 44 52 -47 48 56 49 -51 -52 53 -54 -55 -56 -57 -58 -59 -60 61 -62 -63
leaf_value=-0.071329656006900874 -0.064838468730234702 -0.05321189323973087 -0.062894887011908443 -0.049229042588214138 -0.010685795210968914 -0.025298008860469769 -0.04183600403646251 0.025681440546006115 0.060979130018451233 -0.038933545649376705 -0.03220971961536355 -0.011676028399031693 0.0048057380627099895 0.0026024361471161358 -0.003797929746404396 -0.034542088555242982 -0.019311380446221563 -0.065978467056897805 -0.027210696915424222 -0.011280584677593273 0.062633768586982136 0.045271883776478637 0.029034763831156513 -0.064971798808325862 -0.050437559889893929 -0.038320187362846821 0.032262321239756905 0.071040063532112688 0.064179744567552627 -0.042403424237264592 0.019839920910437583 -0.023491005967983106 -0.0030713646555602814 0.021780209639269948 -0.018476967365939581 -0.019662338019424283 -0.037286927193941798 -0.0052858293910699279 0.012611380493462413 -0.0065223580205705416 0.0080169564920856886 -0.032333875325216255 -0.062891984986485114 -0.016542959140793283 -0.039650454910505853 0.025234017289593031 -0.010614792613680986 0.023856415186883789 -0.0034411985284316482 0.016121370900827933 0.026126493703703263 -0.01794670074137741 0.0090241694531563096 0.023703690644761084 -0.04608250975494857 0.005979122963421634 0.023362825582553374 -0.020991561590098698 -0.012425201502274691 0.0039002782278187982 0.00968917604141184 0.021939068412504904
leaf_weight=49.635053217411041 6.1753666587173957 21.456243149936199 13.322722833603622 3.0105240792036074 1.9172329530119907 23.430853709578518 4.8143087998032561 9.8879906423389894 15.361860021948813 4.5473048649728289 1.2272690385580127 6.4460556060075787 5.1091163903474808 1.5630455762147892 2.0652371309697628 51.814345523715019 2.3502027690410641 3.5647841505706284 8.4113648980855924 38.809420336037874 13.222991194576025 1.7660514898598192 0.90450819209218281 48.926089487969875 34.783384747803211 2.890152432024478 4.3715055733919135 101.53359844535589 23.610493555665016 6.4843346439301985 10.31591662019491 1.1541783101856697 3.1985912993550292 1.7662757970392702 2.7340638563036919 2.7212704531848422 15.358497276902197 17.38401398435235 2.2754063457250586 3.387800682336092 16.111842762678862 58.731106344610453 3.3599383682012531 2.7925860919058323 2.4233898371458058 3.1536206342279911 2.2704663127660734 2.9397840388119203 2.1992972828447823 1.2632344737648962 4.347152516245842 1.6018428169190877 1.0028595589101312 1.5665611512959001 1.4209635965526102 1.6401407457888133 1.8257032968103875 4.0271387994289398 2.4968951493501663 14.769197255373003 1.490783881396055 8.9865085557103139
leaf_count=1375 171 546 354 78 35 500 117 137 156 107 29 125 86 28 36 1179 49 96 183 765 133 17 13 1332 907 75 58 958 234 153 159 25 60 32 61 55 366 322 37 68 274 1325 88 57 57 49 45 45 41 20 67 33 17 22 36 28 27 82 49 257 24 139
internal_value=-0.00983398 -0.0329527 -0.0482367 0.056757 0.0194291 -0.0176071 -0.0273807 0.0625198 0.0338891 -0.0319944 -0.00449992 -0.0150591 -0.0184301 -0.0381821 -0.0516072 -0.0391401 -0.0104345 -0.0211848 -0.0370464 -0.0155146 0.0550026 0.0200824 -0.015633 -0.0622162 -0.0565302 -0.045459 0.0096371 0.0672129 0.0538897 -0.011024 0.00459727 0.0139456 -0.0327998 -0.0188088 -0.00158974 0.00529306 -0.0509003 -0.0131617 -0.0231734 -0.0318227 0.00372458 -0.0314005 -0.0146348 -0.0254725 -0.00728785 0.00605682 -0.0113908 -0.0152456 0.00151186 -0.014632 0.0137821 -0.0218814 -0.0265834 0.00339278 -0.0265296 -0.021744 0.000897384 -0.00525506 0.0078518 0.00848056 -0.012804 0.0113347
internal_weight=714.13 530.47 264.694 183.66 25.1469 265.776 151.625 158.514 23.4815 123.959 114.151 75.1562 8.11964 88.9754 8.2406 76.4692 80.5843 57.24 13.6163 43.6237 16.9063 3.68328 34.9834 140.735 91.1 42.1739 33.5665 135.032 33.4985 30.4361 17.9162 11.4701 55.0129 7.39049 4.50034 29.195 28.6812 29.5316 12.1475 9.87214 18.462 60.2942 62.1223 12.7324 9.37246 5.94621 49.3899 37.8888 11.5011 4.8835 6.61762 26.5993 3.42625 3.1684 3.62026 10.0515 11.2895 9.46382 5.43668 26.4738 2.71805 23.7557
internal_count=13999 11958 6555 2041 392 5403 3283 1649 320 2773 2120 1498 164 2073 207 1785 1558 1189 307 882 185 52 700 3782 2407 1075 562 1329 371 593 309 184 1239 168 93 504 720 580 258 221 323 1353 1235 268 180 106 967 758 209 97 112 555 74 55 77 211 203 176 94 449 53 396
is_linear=0
shrinkage=0.05


Tree=4
num_leaves=63
num_cat=0
split_feature=0 1 2 2 1 2 1 1 1 2 2 2 1 2 0 1 1 3 2 1 2 1 2 3 1 1 1 3 1 0 0 4 1 3 3 1 1 2 1 3 1 2 1 1 2 4 0 3 3 3 1 3 2 4 3 3 4 0 2 1 1 1
split_gain=358.101 41.1338 21.891 13.2448 24.2004 10.3211 5.00981 4.50885 4.08047 9.64539 3.47578 3.46165 3.03694 2.89348 1.9562 4.0161 1.88508 1.79542 1.8637 2.42643 1.69519 2.38758 1.57671 1.37513 1.4109 1.34995 1.34158 1.30874 1.46396 1.29785 3.4152 1.2501 1.21432 1.181 1.16993 1.09994 1.05841 1.01502 1.01217 0.986172 1.08892 0.92266 0.918293 0.911274 0.897261 1.73194 1.40428 0.893234 0.888469 1.03031 0.915569 0.797017 1.28026 0.7938 0.99304 0.912078 0.793225 0.759709 0.893215 1.3425 0.724761 0.709543
threshold=2.5000000000000004 0.17850000000000002 14.500000000000002 10.500000000000002 0.14950000000000002 11.500000000000002 0.33350000000000007 0.27150000000000007 0.090500000000000011 14.500000000000002 9.5000000000000018 22.500000000000004 0.13050000000000003 24.500000000000004 3.5000000000000004 0.23450000000000001 0.46550000000000008 14.215000000000002 20.500000000000004 0.24250000000000002 9.5000000000000018 0.10850000000000001 11.500000000000002 13.545000000000002 0.13850000000000004 0.10950000000000001 0.19650000000000004 9.0550000000000015 0.40850000000000003 1.0000000180025095e-35 1.5000000000000002 3.5000000000000004 0.15050000000000002 12.635000000000003 15.455000000000002 0.05050000000000001 0.054500000000000007 19.500000000000004 0.25950000000000006 12.895000000000001 0.077500000000000013 3.5000000000000004 0.24950000000000003 0.29950000000000004 10.500000000000002 3.5000000000000004 1.0000000180025095e-35 10.145000000000001 15.535000000000002 16.165000000000003 0.23650000000000002 14.465000000000002 16.500000000000004 3.5000000000000004 11.645000000000001 17.990000000000006 4.5000000000000009 1.5000000000000002 7.5000000000000009 0.21350000000000002 0.11550000000000002 0.21750000000000003
decision_type=2 2 2 2 2 2 2 2 2 2 2 2 2 2 2 2 2 2 2 2 2 2 2 2 2 2 2 2 2 2 2 2 2 2 2 2 2 2 2 2 2 2 2 2 2 2 2 2 2 2 2 2 2 2 2 2 2 2 2 2 2 2
left_child=1 2 20 4 10 7 13 57 9 22 -2 12 33 17 15 -6 37 18 29 31 -1 -22 -5 25 -25 -23 -19 -9 44 56 -31 -20 -26 -4 47 -13 -37 51 48 40 -35 -16 -32 -40 45 -29 -46 -14 -28 -50 -51 -8 -53 54 -15 -56 -7 -3 -59 -60 -12 -58
right_child=3 5 11 8 14 6 16 27 -10 -11 60 35 34 53 41 -17 -18 26 19 -21 21 23 -24 24 32 -27 38 28 -30 30 42 -33 -34 39 -36 36 -38 -39 43 -41 -42 -43 -44 -45 46 -47 -48 -49 49 50 -52 52 -54 -55 55 -57 61 58 59 -61 -62 -63
leaf_value=-0.06618162068474806 -0.057042230379169168 -0.045679778100189354 -0.05093332981842489 0.015507510942850012 -0.027137996033879199 -0.019959944419719915 0.00044591896838941549 -0.037684359616801916 0.062936450353835716 0.056145199952535196 -0.013659357829013622 -0.035170240168942442 0.0059186886841290001 0.026991300943233033 0.016158546442795244 0.048373841946855928 0.027844254555648179 0.01479687543323964 -0.036228830324391059 0.026238673641162415 -0.059833298817744622 0.01075222793795075 -0.032035721943541449 -0.041953502302761694 0.019416318655025622 -0.047095090499854518 -0.029068798590785261 -0.013853159586094635 0.011799778495353436 -0.066918218764158835 -0.029553808790365229 0.011493732180264041 -0.019783137194965484 -0.031102535296256725 0.0027914017504391386 0.02692636719330125 -0.012077687529977931 0.014479597665179925 0.010469267418088925 -0.035392999962663922 0.014181902913200132 0.061591163629642398 -0.0029707296812110091 -0.016448168085735897 0.012160020510701947 -0.055091850714235446 -0.032675000015775724 -0.026007438776365934 0.011766631128143711 -0.036628067197166228 0.0089816458390640404 -0.042871438828553231 0.0043669430762067491 0.018820843071174424 -0.013063072888071015 0.019874001127548238 0.019943659794205489 -0.041576526069262119 0.015321711426522548 -0.029166518748550391 0.021116674376062849 -0.012117112718209493
leaf_weight=49.521817866712809 6.3963749483227712 32.459901727735996 20.36821410804987 1.9445048011839414 2.1364824473857906 53.846444774419069 21.005171194672588 5.3143892735242835 120.87474243342876 14.883857943117617 2.9933849833905697 4.5007299892604342 2.0229000411927727 1.4903889186680341 2.1015695519745377 3.3169424496591091 7.3083862550556651 5.5719464980065814 3.0522842295467836 4.1965754441916943 47.26484664157033 0.69305699318647285 3.9615251198410988 3.7083458937704545 2.2878654897212982 33.873611811548471 7.9889226220548171 15.138807531446227 4.7972811050713053 4.791244864463807 6.8241754695773125 1.4881393387913702 4.0371289141476154 1.3024561479687684 4.691902630031108 0.91477869078517215 30.454445604234934 9.4266819804906827 7.663212198764084 35.768308013677597 2.2104929313063622 17.739373568445444 5.977981623262167 3.9374511279165745 5.1583352610468856 2.4184338413178912 1.4381504990160463 25.925801545381546 3.8309679999947548 2.1280614845454697 1.191546496003866 2.0118506662547579 2.4203179739415646 5.6302951090037814 10.555794525891541 1.6407890878617752 1.8068207651376713 2.6411822922527781 2.5864890068769455 2.2934391610324383 1.3987481482326982 3.4808426797389984
leaf_count=1422 178 815 525 32 44 1151 375 128 1224 156 58 107 37 20 30 34 102 94 70 63 1332 15 89 100 43 907 173 310 81 130 153 24 92 35 90 13 601 151 132 859 42 178 116 78 89 63 35 576 65 49 20 48 41 87 203 24 29 70 48 55 18 70
internal_value=-0.0088125 -0.029645 -0.0432201 0.0523145 0.0243295 -0.0150983 -0.00851823 -0.0306615 0.059222 0.0357284 -0.0361199 -0.0279039 -0.0330396 -0.0131323 0.0505053 0.0191695 0.00643794 -0.0160556 -0.0198279 0.00186297 -0.0568099 -0.0510996 -0.0164037 -0.040735 -0.021149 -0.0456656 -0.00578211 -0.0166234 -0.0116282 -0.0222901 -0.0343941 -0.0213362 -0.00488901 -0.0398318 -0.0198121 -0.0141525 -0.0101436 0.00129937 -0.0104491 -0.0329538 -0.00577922 0.0577851 -0.0182554 0.000752775 -0.0165654 -0.0221963 -0.000629381 -0.023572 -0.0185473 -0.00466801 -0.0219675 -0.00394796 -0.0210203 0.00460374 -0.00212789 -0.00746187 -0.0181768 -0.0419935 -0.0225903 -0.00699107 -0.000722069 0.000267731
internal_weight=700.807 523.059 269.547 177.748 36.0829 253.513 179.266 74.2464 141.665 20.7899 10.7885 128.16 92.2901 137.094 25.2944 5.45342 42.1724 117.777 85.4645 8.737 141.387 91.8649 5.90603 44.6 10.0333 34.5667 32.3121 34.2654 28.951 76.7275 17.5934 4.54042 6.32499 59.6495 32.6406 35.87 31.3692 34.864 26.7402 39.2813 3.51295 19.8409 12.8022 11.6007 24.1537 17.5572 6.59649 27.9487 15.1395 7.15058 3.31961 25.4373 4.43217 19.3173 13.687 12.1966 59.1341 39.981 7.52111 4.87993 4.39213 5.28766
internal_count=13999 11958 6796 2041 540 5162 3468 1694 1501 277 254 2885 2164 2751 286 78 717 2417 1806 157 3911 2489 121 1157 235 922 611 706 578 1649 399 94 135 1461 703 721 614 615 517 936 77 208 269 210 497 373 124 613 307 134 69 464 89 334 247 227 1250 988 173 103 76 99
is_linear=0
shrinkage=0.05


Tree=5
num_leaves=63
num_cat=0
split_feature=0 1 2 1 2 2 2 0 1 1 2 2 1 1 1 2 3 4 3 2 2 1 3 2 3 1 3 1 0 0 1 1 4 1 3 1 3 2 4 3 4 3 1 2 3 1 1 1 4 1 3 0 1 2 4 4 3 3 3 4 3 3
split_gain=293.296 34.6707 18.7238 11.6446 23.618 9.14957 6.67851 6.7112 5.29769 4.61724 3.50756 3.20093 2.9956 2.77663 2.17257 1.91796 1.50866 1.43254 1.59067 1.38229 1.21676 1.8287 1.3326 1.19027 1.75281 1.67617 1.23905 1.14169 1.13108 4.77028 1.11432 1.0722 1.04591 1.02984 0.950917 1.06582 1.42825 1.28995 0.946872 0.945059 0.886986 0.918511 0.883309 0.881075 0.859322 0.892328 0.896864 0.829212 0.852898 0.924179 2.37279 0.805554 0.796833 0.769941 1.29252 0.756626 1.21721 0.721265 1.07078 0.957494 0.712005 0.711187
threshold=2.5000000000000004 0.17250000000000001 14.500000000000002 0.13350000000000004 14.500000000000002 13.500000000000002 9.5000000000000018 3.5000000000000004 0.24950000000000003 0.059500000000000004 4.5000000000000009 22.500000000000004 0.31950000000000006 0.24450000000000002 0.077500000000000013 10.500000000000002 10.065000000000003 1.5000000000000002 10.715000000000002 24.500000000000004 9.5000000000000018 0.10850000000000001 13.945000000000002 17.500000000000004 13.645000000000001 0.12950000000000003 13.845000000000001 0.46550000000000008 1.0000000180025095e-35 1.5000000000000002 0.097500000000000017 0.10450000000000001 4.5000000000000009 0.10950000000000001 13.245000000000003 0.039500000000000007 14.965000000000002 18.500000000000004 3.5000000000000004 13.425000000000002 3.5000000000000004 13.075000000000001 0.36250000000000004 7.5000000000000009 9.6350000000000033 0.41250000000000003 0.32650000000000007 0.40850000000000003 3.5000000000000004 0.29350000000000004 13.215000000000002 1.0000000180025095e-35 0.13850000000000004 15.500000000000002 2.5000000000000004 1.0000000180025095e-35 12.895000000000001 15.815000000000003 16.415000000000003 3.5000000000000004 12.345000000000001 14.065000000000003
decision_type=2 2 2 2 2 2 2 2 2 2 2 2 2 2 2 2 2 2 2 2 2 2 2 2 2 2 2 2 2 2 2 2 2 2 2 2 2 2 2 2 2 2 2 2 2 2 2 2 2 2 2 2 2 2 2 2 2 2 2 2 2 2
left_child=1 2 20 4 6 8 -2 -8 43 -9 13 14 19 -5 34 47 -11 18 -17 28 -1 -22 33 51 -25 31 -27 40 61 -30 57 -26 -19 -23 -4 36 37 -36 -31 -34 41 44 -42 -3 -14 46 -46 48 49 50 -10 -16 -24 -43 -55 56 -45 59 -59 60 -13 -7
right_child=3 5 11 10 -6 12 7 9 15 16 -12 30 27 -15 23 17 -18 32 -20 -21 21 22 52 24 25 26 -28 -29 29 38 -32 -33 39 -35 35 -37 -38 -39 -40 -41 42 53 -44 55 45 -47 -48 -49 -50 -51 -52 -53 -54 54 -56 -57 -58 58 -60 -61 -62 -63
leaf_value=-0.061666527014849259 -0.055043070986109215 -0.049163302609890547 -0.054715301588871182 -0.031403589746836068 0.056024564755036511 -0.012667067006272112 -0.043451482397986019 -0.035089871287424225 -0.043184909468989618 -0.0095822210816116464 0.058952216557936088 -0.0064730896415976479 0.016572448601744803 0.038162894734614115 -0.011898415549286749 0.031150583897414819 0.041978210246151719 -0.018561619884287749 -0.0054260632974713697 0.0023106679065263026 -0.055571699080758964 0.0070778220833059543 -0.03250341578829799 -0.043760090753435656 -0.0099234605928231728 0.032886144008095794 -0.010232860167425835 0.025548126568103808 -0.060732134273296101 -0.00040271085270748299 -0.0039358702830242813 -0.049371223703981545 0.02088385410469348 -0.043564462240428418 -0.01172720162797548 -0.040448974982145294 -0.032739660967202225 0.041065497294622826 -0.030135496443345278 -0.020288017314241749 0.026547901594673184 -0.018614030656691097 -0.0014429392461991666 -0.027992742063142013 0.0086233140717351612 0.010570649501415487 -0.036041084428631159 -0.0021062170393190993 -0.047840264029218524 -0.011464143396520242 0.015199500565170929 -0.031736959457712509 -0.0010596762658958011 0.019365982832581945 -0.013611612723052681 -0.033846875844020553 0.012080770066009236 0.017124090611113887 -0.022670688343232964 0.0035772805884703622 -0.042555943382127939 -0.0019565561033090596
leaf_weight=45.835034791380167 5.2172668278217342 13.055461734533308 11.913321856409313 1.6428701616823667 30.822238106280565 47.969398979097605 4.2235625870525846 2.0026891566813001 7.7835052609443753 1.2557223048061121 114.26125596091151 2.1719885915517789 1.0392864309251324 2.1898709405213594 24.612423993647102 3.7607388757169264 9.6775109153240901 16.321303352713588 7.2838041447103024 18.99657354131341 45.421148601919413 0.76826069876551528 2.7569143697619429 15.105442117899658 3.7977136448025686 1.2269819118082521 5.6184086017310619 5.4377316124737254 4.9442699812352666 12.1458727940917 19.621900465339422 3.5370153486728668 3.0617094263434401 32.064787641167641 1.9871493354439729 8.6220155432820302 2.439422719180584 0.99731857329606999 2.4451429471373567 1.1905933022499082 5.1983121857047063 2.0116358548402777 4.989468764513731 3.4674698151648036 0.96611057966947544 1.2658276632428167 5.0677878968417645 4.3183269351720801 3.6072124801576129 13.891850315034388 1.6307129152119157 6.5353131219744673 4.4965050704777241 8.6010226085782033 3.4689608402550212 32.730325117707253 2.5260350741446018 2.2081848420202723 2.6260444559156895 1.7159350626170624 6.4218970127403736 23.283603340387344
leaf_count=1375 155 357 336 37 329 990 96 52 197 23 1206 46 16 24 539 56 119 336 141 334 1332 17 75 377 85 18 118 75 134 231 367 94 49 890 47 222 63 16 56 26 74 42 88 86 16 20 112 80 93 287 29 158 93 133 67 797 49 39 60 30 158 432
internal_value=-0.00792619 -0.0267769 -0.03998 0.0485715 0.0283194 -0.0139713 -0.0106065 0.00519136 -0.0245144 0.0230515 0.0573803 -0.0254688 -0.00568625 0.00801597 -0.0306221 -0.0144001 0.0357496 -0.0054503 0.00858076 -0.00985449 -0.0530723 -0.0478059 -0.0378682 -0.0246571 -0.0320573 -0.0175293 0.000702527 0.00628586 -0.0123974 -0.0228934 -0.0121651 -0.0325875 -0.0130312 -0.0422053 -0.0430788 -0.0302286 -0.0102143 0.0117933 -0.00699859 0.00768831 0.00240911 -0.00319988 0.0139357 -0.0362858 -0.0154179 -0.0214205 -0.0286804 -0.0230104 -0.026169 -0.0209845 -0.0325833 -0.0169186 -0.0155011 0.00457808 0.00957182 -0.0308159 -0.0117909 -0.0219233 -0.00467374 -0.0288831 -0.0350617 -0.00924267
internal_weight=686.254 514.961 252.501 171.293 53.199 262.46 22.3768 17.1595 114.629 12.9359 118.094 121.158 147.831 3.83274 86.3925 62.8498 10.9332 31.6181 11.0445 109.785 131.343 85.5076 40.0865 60.4333 29.2856 14.1801 6.84539 38.0461 90.7883 19.5353 34.766 7.33473 20.5736 32.833 25.9592 14.0459 5.42389 2.98447 14.591 4.2523 32.6084 22.4206 10.1878 51.7793 8.33901 7.29973 6.0339 31.2316 26.9133 23.3061 9.41422 31.1477 7.25342 14.0816 12.07 38.7238 5.9935 15.144 4.83423 10.3098 8.59389 71.253
internal_count=13999 11958 6555 2041 774 5403 445 290 2583 194 1267 2773 2820 61 2073 1294 142 608 197 2177 3782 2407 1075 1389 692 315 136 643 1843 421 700 179 411 907 684 348 126 63 287 75 568 406 162 1289 164 148 128 686 606 513 226 697 168 242 200 932 135 333 99 234 204 1422
is_linear=0
shrinkage=0.05


Tree=6
num_leaves=63
num_cat=0
split_feature=0 1 2 2 1 2 1 2 1 1 2 2 1 1 3 2 3 0 0 1 1 2 1 2 2 3 0 0 3 1 2 3 1 1 1 1 1 1 3 3 1 2 1 3 1 1 3 3 3 3 1 4 0 3 1 3 3 1 1 2 1 3
split_gain=241.896 29.6782 16.8677 10.4325 17.4082 7.46141 3.54711 7.18429 3.42621 3.33463 2.64975 2.57642 2.08166 1.9483 1.77694 1.62982 1.81474 1.50629 3.32909 1.28661 1.25304 1.24824 1.72952 1.24633 1.22586 1.09662 1.09484 1.08746 1.07027 1.05265 0.997292 1.41051 1.4398 1.07397 0.917863 0.902832 0.899072 0.981275 0.999283 0.880918 0.880843 0.880138 0.878716 1.2477 0.848451 0.793359 0.768802 0.862785 0.767459 0.732889 0.817139 1.75744 1.40575 1.62912 0.906596 0.806952 0.714338 0.999465 1.04524 0.984278 0.700301 0.692723
threshold=2.5000000000000004 0.17250000000000001 14.500000000000002 10.500000000000002 0.14950000000000002 11.500000000000002 0.090500000000000011 14.500000000000002 0.27150000000000007 0.33350000000000007 22.500000000000004 9.5000000000000018 0.18350000000000002 0.077500000000000013 15.175000000000002 19.500000000000004 13.245000000000003 1.0000000180025095e-35 1.5000000000000002 0.23850000000000002 0.46550000000000008 9.5000000000000018 0.10850000000000001 11.500000000000002 8.5000000000000018 13.945000000000002 3.5000000000000004 3.5000000000000004 9.0550000000000015 0.40850000000000003 17.500000000000004 13.645000000000001 0.13050000000000003 0.14050000000000004 0.097500000000000017 0.21350000000000002 0.29550000000000004 0.29350000000000004 13.215000000000002 13.245000000000003 0.10950000000000001 10.500000000000002 0.039500000000000007 14.095000000000001 0.095500000000000015 0.34850000000000003 12.895000000000001 12.505000000000001 14.805000000000001 9.4650000000000016 0.37750000000000006 3.5000000000000004 1.0000000180025095e-35 15.075000000000001 0.41850000000000004 12.225000000000003 14.065000000000003 0.20350000000000004 0.25550000000000006 16.500000000000004 0.27350000000000008 14.465000000000002
decision_type=2 2 2 2 2 2 2 2 2 2 2 2 2 2 2 2 2 2 2 2 2 2 2 2 2 2 2 2 2 2 2 2 2 2 2 2 2 2 2 2 2 2 2 2 2 2 2 2 2 2 2 2 2 2 2 2 2 2 2 2 2 2
left_child=1 2 21 4 11 8 7 23 -3 14 13 -2 24 39 15 17 19 56 -19 35 45 -1 -23 -5 -6 40 -8 -9 -10 36 -15 -32 44 -34 -12 -17 37 38 41 -4 -24 -30 43 -41 -33 -11 47 -20 -35 -47 51 -51 54 -54 55 -52 -7 59 -59 -58 -60 -56
right_child=3 5 10 6 12 9 26 27 28 20 34 -13 -14 30 -16 16 -18 18 46 -21 -22 22 25 -25 -26 -27 -28 -29 29 -31 31 32 33 48 -36 -37 -38 -39 -40 42 -42 -43 -44 -45 -46 49 -48 -49 -50 50 52 -53 53 -55 61 -57 57 58 60 -61 -62 -63
leaf_value=-0.058107504464602749 -0.051029304055480042 -0.035278151665009048 -0.050904051055285796 0.013512885398856148 -0.0093024457420727812 -0.014848203008613968 0.042732217172876424 0.014407593355566595 -0.03248101926822318 0.013417981611548025 -0.019795853548074348 -0.0015488419184955539 0.050408051456313864 -0.015052849244541531 0.00051617099196775808 0.0085815059715901327 -0.014844549485077289 -0.05990921560646234 -0.011350225922338563 0.026566488051960508 0.022865631520312853 -0.05193507735719563 0.0066333433547342341 -0.02905641037000747 0.033488624260336435 -0.014278409951531984 0.059077811524884373 0.055343716447257378 -0.031028641166810252 0.010859581122031463 -0.039584475226020634 -0.0031903048276994196 0.030963091296799868 0.0089536886275876863 -0.0034446491329765891 -0.025676752709923197 -0.019202146742304416 0.03189357638745919 0.020667959143316067 0.017148594774550618 -0.04002901032034642 0.0079404448989356096 -0.036913255115622511 -0.025181520894256598 -0.039323077727057121 0.022039240837865928 -0.028242888299065062 0.023555328673617284 -0.024280038228958283 -0.032149853293395841 -0.0064787126328566163 0.0091072760689233576 -0.045138572747669387 0.015397524253885074 0.0043071021100691302 0.026118829287011498 0.031898729821721615 -0.029093525900929337 0.023530555398046576 -0.012541344558796578 -0.0099722202822995574 -0.033291903532424609
leaf_weight=43.706833388656378 5.9969908818602544 41.226518802344799 11.478794999420645 1.9151455145329261 2.8766555860638645 58.498136978596449 28.119761783629656 2.8851055856794092 5.1828063055872908 8.616685211658476 15.018935084342955 4.3190651163458824 18.63983016833663 30.901432495564222 28.583585068583488 4.4429865032434481 12.288714837282894 5.1177878119051465 8.6708949878811818 5.785282839089632 7.1972879469394675 43.48564263433218 0.7727969959378268 3.914368811994791 2.142339214682579 7.1870015189051619 82.8057582937181 10.86632632650435 3.0248406268656316 4.8004540018737307 14.789644055068495 2.4691918045282346 1.2647375389933584 2.539585180580616 19.614346973598003 2.0040361955761909 16.70750880241394 1.0483475327491758 1.4334141537547109 1.9949097558855999 31.001526277512312 1.7361839562654493 8.4181019254028779 3.4037216044962406 5.1178671680390835 1.6274754479527498 5.4570185765624055 1.1991270296275605 2.6798490658402443 5.6450067535042781 2.1177585273981077 3.6340536512434483 1.9286159835755818 1.1521490626037119 3.0518363751471038 6.1788395568728447 2.4853276461362825 3.2088728956878185 1.7039336673915384 1.2652892284095285 2.7815017588436604 0.85616800561547268
leaf_count=1375 178 1067 336 32 51 1260 341 42 128 142 333 76 210 697 516 78 243 145 182 86 102 1332 17 89 25 168 883 114 74 81 377 54 19 48 367 44 354 15 23 40 890 31 222 86 133 24 122 19 61 124 39 60 46 17 52 90 38 73 26 26 55 21
internal_value=-0.00719518 -0.0243026 -0.0367406 0.0453139 0.0198395 -0.0124759 0.0517443 0.029605 -0.0256705 -0.00702074 -0.022992 -0.0322807 0.0429532 -0.027735 -0.0106318 -0.0133853 -0.00185842 -0.0164579 -0.0282978 0.0113235 0.00527491 -0.0495014 -0.0442975 -0.0151404 0.011492 -0.0346867 0.055353 0.0483141 -0.0133222 -0.00889281 -0.0221256 -0.0289408 -0.0158695 0.00166602 -0.010892 -0.00408551 -0.0131284 0.00151211 -0.00734805 -0.039642 -0.0387263 -0.0179063 -0.0274815 -0.00930416 -0.0293047 0.00110074 -0.0147198 -0.00533262 -0.00927006 -0.00329585 -0.00577083 -0.0166778 0.00146784 -0.0242738 0.00931191 0.0179962 -0.0126469 -0.00110632 -0.0111033 0.0174225 0.00472435 -0.00903497
internal_weight=670.985 506.503 245.845 164.481 33.9749 260.658 130.506 19.5809 75.1601 185.498 119.691 10.3161 23.6588 85.0578 143.492 114.909 24.521 90.3879 20.4448 12.2323 42.0059 126.154 82.447 5.82951 5.01899 38.9613 110.926 13.7514 33.9336 28.7507 59.7623 28.8609 14.0712 6.48417 34.6333 6.44702 23.9503 7.24279 6.19444 25.2955 31.7743 4.76102 13.8167 5.39863 7.58706 34.8086 15.327 9.87002 5.21943 26.1919 24.5644 9.27906 15.2854 3.08077 12.2046 8.2966 69.9431 11.4449 7.69431 3.75062 4.48544 3.908
internal_count=13999 11958 6555 2041 540 5403 1501 277 1773 3630 2773 254 286 2073 2913 2397 451 1946 468 208 717 3782 2407 121 76 1075 1224 156 706 578 1389 692 315 128 700 122 497 143 128 684 907 105 348 126 187 615 323 201 109 473 449 184 265 63 202 129 1478 218 154 64 81 73
is_linear=0
shrinkage=0.05


Tree=7
num_leaves=63
num_cat=0
split_feature=0 1 2 1 2 2 2 0 1 1 2 2 1 1 1 1 2 2 3 1 3 3 4 3 3 2 1 3 2 3 4 1 0 1 2 0 1 1 0 1 0 1 3 1 2 3 3 0 0 1 2 3 1 3 3 3 1 4 3 3 0 0
split_gain=201.096 25.5393 15.3768 9.48229 18.0502 6.12152 4.69251 5.39323 3.79766 3.611 3.1909 2.30755 2.44491 2.26044 1.86919 1.37887 1.37217 1.30381 1.2693 1.21808 1.16373 1.20745 1.15737 0.947667 0.917963 0.895531 0.879007 0.876031 0.852353 1.22804 0.988446 0.834994 0.821927 3.23328 3.81859 0.777295 1.17439 1.63067 1.14144 1.02225 0.771091 0.765388 0.751553 1.06509 0.783607 0.876744 0.733098 0.724025 2.2142 1.03929 0.696191 1.62387 1.34643 0.7796 0.90305 0.688117 0.673469 1.08149 0.678661 0.666079 0.663335 1.80005
threshold=2.5000000000000004 0.17250000000000001 14.500000000000002 0.13350000000000004 14.500000000000002 13.500000000000002 9.5000000000000018 3.5000000000000004 0.24950000000000003 0.059500000000000004 4.5000000000000009 24.500000000000004 0.077500000000000013 0.24450000000000002 0.31950000000000006 0.16650000000000004 10.500000000000002 9.5000000000000018 10.065000000000003 0.090500000000000011 11.525 12.895000000000001 1.5000000000000002 13.705000000000002 15.675000000000002 7.5000000000000009 0.21950000000000003 9.5350000000000019 21.500000000000004 11.785000000000002 1.5000000000000002 0.23450000000000001 3.5000000000000004 0.17750000000000002 12.500000000000002 1.0000000180025095e-35 0.38450000000000006 0.34850000000000003 1.5000000000000002 0.38750000000000007 3.5000000000000004 0.070500000000000021 14.335000000000003 0.05050000000000001 28.500000000000004 17.380000000000006 10.185 1.0000000180025095e-35 1.5000000000000002 0.15750000000000003 17.500000000000004 13.645000000000001 0.12950000000000003 14.005000000000001 15.455000000000002 14.375000000000002 0.086500000000000007 1.0000000180025095e-35 12.555000000000001 14.735000000000001 1.0000000180025095e-35 1.5000000000000002
decision_type=2 2 2 2 2 2 2 2 2 2 2 2 2 2 2 2 2 2 2 2 2 2 2 2 2 2 2 2 2 2 2 2 2 2 2 2 2 2 2 2 2 2 2 2 2 2 2 2 2 2 2 2 2 2 2 2 2 2 2 2 2 2
left_child=1 2 15 4 6 8 -2 -8 25 -9 13 12 -4 -5 24 17 -10 -1 -11 -19 22 -22 -18 -21 28 26 -3 -24 60 -30 31 -31 33 34 -12 36 37 -16 -37 -40 41 -6 -13 -44 45 -45 -35 50 -49 -50 56 -52 -53 -54 -55 -17 -14 58 -58 -25 -7 -62
right_child=3 5 11 10 40 14 7 9 16 18 32 42 47 -15 35 55 20 19 -20 23 21 -23 27 59 -26 -27 -28 -29 29 30 -32 -33 -34 46 -36 38 -38 -39 39 -41 -42 -43 43 44 -46 -47 -48 48 49 -51 51 52 53 54 -56 -57 57 -59 -60 -61 61 -63
leaf_value=-0.056555745742611609 -0.049356881792715274 -0.052212162592479433 -0.037067030622919918 -0.030649624812010931 -0.002786304550492755 -0.0095018100712851526 -0.040657593936285395 -0.032215219905840774 -0.018706361144844069 -0.010098413017219948 -0.047325311865515834 -0.017843573795174282 0.012028442547403921 0.032572105907740449 0.013233391577316504 -0.024104949688884481 0.02272474800138349 -0.051006949880307732 0.036899470917767262 -0.038853952901778795 -0.028536125986737729 -0.0017471184095282273 -0.026284597322097522 -0.0044129553922293086 0.0020853342169930354 -0.02493486431431555 -0.017904796735418328 0.0047035774299025654 0.02006223327954517 -0.042969248702464324 0.00024436746201847019 -0.0012875932268850429 0.055868875054104788 0.012919459607166485 0.029883054950416002 -0.03442046105193404 0.019512642623245736 -0.016841505297051269 0.016457596985214193 -0.018730993277186303 0.054938464532996611 0.035332397213981022 -0.027759123528291019 0.017831609652305971 -0.015702978296171888 -0.011288420783689549 0.052219708365468555 -0.057803039108384469 -0.021283657151047991 0.014636295589148307 -0.032429155843965982 -0.020971592722588708 0.032115853260794483 -0.018228400565468785 0.017757745698208063 0.014293276413960885 -0.000720434148845307 -0.0058993499624612131 -0.045955986743342232 -0.031307455059609308 -0.04815320330800936 -0.0099946015038486855
leaf_weight=39.681564321741462 4.808363392949107 8.0989170074462873 26.985148649662733 1.6317312829196446 1.4632908739149595 53.227452360093594 4.2036232613027105 1.9568618275225169 30.672728933393955 1.2370819896459568 1.4483306091278816 8.8158948868513125 2.6495291590690639 2.071580009534955 9.093413591384893 4.7138142380863419 5.3825745396316078 31.062467351555824 9.2191988788545114 35.696119364351034 6.0580286346375969 10.761203490197657 2.2215953394770604 5.2799671683460456 19.515019178390503 37.457173578441143 4.2009151279926291 7.0454829446971416 4.3699722960591343 1.9682025387883211 12.630799189209936 2.1257835291326046 79.045889642089605 2.1005638353526619 3.647019661962986 1.7996955364942531 13.076490741223095 7.1436505168676367 4.34196787327528 2.3826423697173595 21.070491952821612 5.7538927365094423 1.9583882540464426 8.9120745323598367 2.6860259510576716 2.7275805063545695 18.054110584780574 3.7348700091242764 8.462569694966076 1.7961400002241141 13.768388118594887 7.6250211112201196 1.3583713360130785 2.8675324991345406 2.1857496574521065 0.75833197310566891 1.1615236066281824 18.253565639257431 2.209233433008194 3.6991687342524529 3.6452765874564621 11.558712299913168
leaf_count=1318 155 242 742 37 25 1103 96 52 686 23 36 190 54 24 147 138 86 1000 119 1081 135 206 51 132 348 932 115 130 66 49 230 39 889 31 47 41 198 141 69 47 233 71 49 152 57 56 203 105 200 36 347 181 19 62 38 13 25 401 59 100 105 237
internal_value=-0.00647268 -0.0220605 -0.0338185 0.04256 0.0237666 -0.0111105 -0.0106583 0.00270591 -0.0198705 0.019327 0.0509134 -0.0207179 -0.0243277 0.00412183 -0.00434752 -0.0463478 -0.0113433 -0.0475592 0.030943 -0.04217 -0.00381135 -0.012456 0.00627532 -0.0350435 -0.00765335 -0.0300869 -0.042722 -0.00456174 -0.00977579 -0.000927895 -0.0072348 -0.0258277 0.0525199 0.0403069 0.00377323 0.005131 0.00894281 -0.000207764 -0.00753977 0.00317889 0.0493138 0.0282053 -0.00691513 -0.000308614 0.00501042 0.0106545 0.0489281 -0.0186497 -0.0289566 -0.0142532 -0.0153869 -0.02076 -0.00791841 0.0083401 -0.00230077 -0.0173975 -0.00865424 -0.011608 -0.0340995 -0.0175198 -0.0124506 -0.0215505
internal_weight=655.539 497.827 239.049 157.712 49.7128 258.778 21.4251 16.6168 111.899 12.4131 107.999 118.158 93.0576 3.70331 146.879 120.891 62.1416 115.419 10.4563 75.7377 31.4689 16.8192 14.6497 44.6753 109.041 49.757 12.2998 9.26708 89.5262 21.0948 16.7248 4.09399 104.296 25.25 5.09535 37.8379 29.3136 16.2371 8.52431 6.72461 28.2877 7.21718 25.1 16.2841 14.3257 11.6397 20.1547 66.0725 13.9936 10.2587 52.0789 27.8051 14.0367 6.41165 5.05328 5.47215 24.2739 21.6243 3.37076 8.97914 68.4314 15.204
internal_count=13999 11958 6555 2041 774 5403 445 290 2583 194 1267 2773 2269 61 2820 3782 1294 3631 142 2313 608 341 267 1313 2177 1289 357 181 1829 384 318 88 1206 317 83 643 486 288 157 116 329 96 504 314 265 208 234 1527 341 236 1186 647 300 119 100 151 539 485 84 232 1445 342
is_linear=0
shrinkage=0.05


Tree=8
num_leaves=63
num_cat=0
split_feature=0 1 2 1 2 0 2 2 1 1 2 1 2 1 1 2 1 2 1 1 1 2 4 0 3 2 2 3 2 3 0 0 1 3 1 0 1 0 1 1 0 3 3 3 3 3 3 3 3 3 1 3 3 3 1 1 2 4 4 3 3 1
split_gain=168.479 22.045 14.0709 8.67189 16.6202 9.09828 6.59223 4.97345 4.27776 3.51668 2.69777 2.15155 1.95519 1.6294 1.56949 1.5368 1.44166 1.37634 1.68982 1.36005 1.34477 1.22685 1.2987 1.02124 1.05998 1.00325 0.972995 1.16948 0.946727 0.927245 0.834174 2.69836 0.802607 0.783639 0.781527 0.775645 0.756912 0.754197 0.81358 0.752034 1.10312 0.856227 0.746133 0.739775 0.718678 0.703199 2.96297 0.701009 0.804958 1.2681 1.06459 0.792076 1.03315 0.785112 0.741094 0.691242 0.696355 0.675273 0.889598 0.793983 0.702988 1.06412
threshold=2.5000000000000004 0.17250000000000001 14.500000000000002 0.17450000000000002 14.500000000000002 3.5000000000000004 9.5000000000000018 15.500000000000002 0.088500000000000009 0.37750000000000006 4.5000000000000009 0.14550000000000002 21.500000000000004 0.079500000000000015 0.22350000000000003 5.5000000000000009 0.36950000000000005 9.5000000000000018 0.10850000000000001 0.25350000000000006 0.045500000000000006 9.5000000000000018 3.5000000000000004 1.0000000180025095e-35 13.975000000000003 4.5000000000000009 19.500000000000004 16.795000000000005 17.500000000000004 11.105000000000002 1.0000000180025095e-35 1.5000000000000002 0.24650000000000002 13.245000000000003 0.16750000000000004 1.0000000180025095e-35 0.10950000000000001 3.5000000000000004 0.070500000000000021 0.10650000000000001 1.5000000000000002 14.435 15.005000000000001 10.455000000000002 16.625000000000004 15.455000000000002 15.855000000000002 9.9550000000000018 11.385000000000003 12.895000000000001 0.085500000000000007 13.735000000000001 14.185 13.975000000000003 0.15150000000000002 0.47250000000000003 10.500000000000002 3.5000000000000004 5.5000000000000009 13.735000000000001 14.555000000000001 0.23450000000000001
decision_type=2 2 2 2 2 2 2 2 2 2 2 2 2 2 2 2 2 2 2 2 2 2 2 2 2 2 2 2 2 2 2 2 2 2 2 2 2 2 2 2 2 2 2 2 2 2 2 2 2 2 2 2 2 2 2 2 2 2 2 2 2 2
left_child=1 2 17 4 5 -2 11 9 20 10 -3 -7 13 33 21 -16 42 34 -19 30 -8 -12 -23 24 36 -5 44 -28 47 43 32 -32 57 -4 -1 55 -20 38 -6 -14 -41 -42 -17 -11 -21 -30 -47 -15 -49 -50 -51 -52 53 -53 -54 56 -31 60 59 -59 61 -9
right_child=3 7 12 25 37 6 8 19 -10 29 14 -13 39 28 15 16 -18 18 23 26 -22 22 -24 -25 -26 -27 27 -29 45 35 31 -33 -34 -35 -36 -37 -38 -39 -40 40 41 -43 -44 -45 -46 46 -48 48 49 50 51 52 54 -55 -56 -57 -58 58 -60 -61 -62 -63
leaf_value=-0.054009902143453595 -0.046642172069545129 -0.046341677563189458 -0.044589199925074575 0.016298068427994482 -0.0025556299964892633 -0.046781721026224521 -0.038069406846928701 -0.015796507885097337 0.044665366158707205 0.0032682357662806661 -0.040916167930672161 0.0083055685989689067 -0.016009815923722383 0.011953638837217936 0.015069921548241738 -0.013885210227107493 -0.047792882675211562 -0.046050930491061501 0.011721252858648784 -0.0050012908967066276 0.0081649273672297507 -0.014219276945048445 -0.042463147677570832 -0.044427814048519927 -0.0023518809855062111 0.052591166092003032 0.014606655876726091 -0.013450144579782858 -0.029410373940036223 -0.013199785665903428 -0.054515660484432737 -0.0028781979881251623 -0.02630556889111664 -0.022801267623284938 -0.010747621701179613 -0.02956341894247146 -0.029106403404953535 0.053097858176454175 0.035760134729348345 -0.0082167072397418828 -0.0099170404716363309 0.031486599882381977 0.0039501036318075698 0.031845141626400973 0.018808162661824897 0.036290188605250275 -0.03122901253294379 -0.034046075326879775 0.0059390873305807173 0.015192427056592529 -0.039474234777835619 -0.010493391504599426 -0.029564441237844546 0.031668822199622748 0.0019377563595443647 -0.022406573415752147 0.018757910211608022 0.027703423678685592 -0.021009579659084537 -0.0014998420361054066 0.0041659971165687029 0.012243589109370324
leaf_weight=37.725393297150731 7.0970218554139164 7.7429495565593234 11.113219738006594 3.0892494432628146 1.468112876638769 3.8005001358687904 1.2447595670819307 17.548953801393512 12.38369497284293 5.8229101523756999 8.9841442629694921 2.393550768494606 19.126015219837427 2.2214247360825565 4.0395604372024527 64.898597195744514 2.1541613712906829 39.648376706987619 0.68323596566916123 29.039453770965341 4.4299102611839771 28.36151909083128 4.3351635262370101 8.6869254596531373 5.3668563589453688 77.623412076383829 22.209153629839424 3.6081881858408442 19.157297186553482 1.6630945280194263 2.7499701939523193 8.1516853086650372 2.8117553703486911 13.017388042062519 1.6512275934219349 1.6711547523736952 21.981546953320503 28.710329676046968 8.6628497652709466 15.619419347494842 1.3073953315615647 2.6739228554069996 6.0101385712623587 3.0032338984310627 2.5572108030319205 1.6238565109670151 3.326310221105814 3.2477577775716808 8.2599171325564402 1.5350813046097744 3.6912549249827853 1.5199722200632089 5.6623518466949445 1.1538807787001131 2.4308304786682129 1.2796504981815813 4.3571808859705925 4.2884315066039544 1.1894352994859207 3.9827477186918259 11.211351998150347 3.3582986481487742
leaf_count=1323 177 223 346 45 25 126 36 376 151 102 267 37 433 42 85 1448 57 1332 15 558 76 667 116 265 123 922 357 68 488 35 79 157 62 343 52 37 672 336 110 307 28 38 111 41 39 27 85 85 179 30 96 35 141 20 50 27 67 66 26 73 199 60
internal_value=-0.00585962 -0.0201017 -0.0312351 0.0401633 0.0266805 -0.00053748 0.014267 -0.0099518 0.0292085 -0.0160661 -0.0189753 -0.027299 -0.0187341 -0.0232875 -0.0168194 -0.0123188 -0.0140161 -0.0435696 -0.0383422 -0.0020499 -0.00616088 -0.0246612 -0.0191131 -0.0290182 -0.0228769 0.0514185 0.00331591 0.0103302 -0.0178563 0.00452578 -0.0075815 -0.0193899 -0.00431826 -0.0342106 -0.0525068 -0.00648981 -0.0274323 0.0481107 0.0304769 -0.00921228 -0.0021242 0.018629 -0.0123396 0.0152433 -0.00255644 -0.0252005 -0.00670337 -0.0112731 -0.0135029 -0.0095127 -0.0173728 -0.0215895 -0.0126245 0.0113689 -0.02093 0.00171786 0.00930693 -0.00224851 0.00889386 0.0149964 -0.00569997 -0.0109392
internal_weight=640.364 489.461 232.431 150.903 70.1907 31.3494 24.2524 257.03 18.0584 144.323 126.526 6.19405 116.687 77.9605 118.783 77.1025 73.0629 115.744 76.3669 112.707 5.67467 41.6808 32.6967 36.7186 28.0316 80.7127 57.414 25.8173 53.8299 17.7972 55.2926 10.9017 44.391 24.1306 39.3766 8.97108 22.6648 38.8413 10.131 38.7268 19.6007 3.98132 70.9087 8.82614 31.5967 24.1075 4.95017 29.7225 27.501 24.2533 15.9934 14.4583 10.767 2.67385 8.09318 7.29993 6.02028 41.5792 9.46061 8.27118 32.1186 20.9073
internal_count=13999 11958 6555 2041 1074 603 426 5403 263 3283 2974 163 2773 1967 2751 1701 1616 3782 2407 2120 112 1050 783 1075 810 967 1022 425 1278 309 1098 236 862 689 1375 166 687 471 135 806 373 66 1559 143 597 600 112 678 636 551 372 342 246 55 191 129 102 800 165 139 635 436
is_linear=0
shrinkage=0.05


Tree=9
num_leaves=63
num_cat=0
split_feature=0 1 2 1 2 2 2 1 3 1 2 0 2 1 2 1 0 2 1 1 2 0 0 0 2 1 3 3 3 3 1 1 3 4 3 0 1 3 1 1 3 1 2 2 4 1 0 3 3 3 3 1 2 2 3 1 2 1 3 0 3 3
split_gain=141.832 18.985 13.5082 7.90183 13.0352 3.80608 3.67972 5.71602 2.87855 2.61258 2.2131 2.02054 1.8645 1.91862 1.74737 1.6311 1.5994 1.64999 1.46619 1.35122 1.17353 1.11346 6.98511 1.10433 1.00273 0.964251 0.956647 0.88919 1.19301 1.78098 1.32314 1.61003 1.0094 0.880599 0.990753 0.877359 0.854672 0.849679 0.837826 0.802414 0.794552 0.736624 0.726604 0.724438 0.691167 0.682827 0.660347 0.653133 0.63518 2.85265 0.62415 0.61868 0.66128 0.815103 0.609405 0.913407 0.777126 0.855832 0.603959 0.563051 0.54388 1.43675
threshold=2.5000000000000004 0.17850000000000002 14.500000000000002 0.11850000000000001 14.500000000000002 13.500000000000002 8.5000000000000018 0.21750000000000003 10.775 0.31750000000000006 4.5000000000000009 3.5000000000000004 9.5000000000000018 0.10850000000000001 9.5000000000000018 0.083500000000000019 3.5000000000000004 5.5000000000000009 0.085500000000000007 0.46550000000000008 24.500000000000004 1.0000000180025095e-35 1.5000000000000002 1.0000000180025095e-35 19.500000000000004 0.078500000000000014 13.125000000000002 10.185 13.595000000000001 13.075000000000001 0.13050000000000003 0.16750000000000004 11.385000000000003 1.5000000000000002 12.505000000000001 3.5000000000000004 0.38450000000000006 14.925000000000002 0.17450000000000002 0.24950000000000003 15.765000000000002 0.14250000000000002 10.500000000000002 5.5000000000000009 4.5000000000000009 0.11250000000000002 1.5000000000000002 16.015000000000004 10.715000000000002 10.255000000000001 11.815000000000003 0.35950000000000004 17.500000000000004 15.500000000000002 13.915000000000001 0.15150000000000002 20.500000000000004 0.13550000000000004 14.585000000000003 3.5000000000000004 14.095000000000001 14.185
decision_type=2 2 2 2 2 2 2 2 2 2 2 2 2 2 2 2 2 2 2 2 2 2 2 2 2 2 2 2 2 2 2 2 2 2 2 2 2 2 2 2 2 2 2 2 2 2 2 2 2 2 2 2 2 2 2 2 2 2 2 2 2 2
left_child=1 2 12 4 8 9 7 16 -2 10 -3 -10 -1 -14 -13 20 -5 -18 -17 21 -4 36 -23 26 51 -16 45 -20 29 32 60 54 -29 34 -11 -6 40 39 -33 -12 -7 -28 -36 -35 46 50 -45 -42 49 -41 -15 52 53 -24 -32 56 -56 -58 -38 -8 -30 -62
right_child=3 5 15 6 35 19 59 -9 11 33 37 14 13 23 25 18 17 -19 27 -21 -22 22 24 -25 -26 -27 41 28 30 -31 31 38 -34 43 42 -37 58 -39 -40 48 47 -43 -44 44 -46 -47 -48 -49 -50 -51 -52 -53 -54 -55 55 -57 57 -59 -60 -61 61 -63
leaf_value=-0.050550538520667154 -0.04382909297745282 -0.047691834530862745 -0.029583030571566062 -0.046780725301062781 0.020338152357734857 -0.0051217532644781093 0.037421908572521881 0.045102537518084802 -0.03273598382584969 0.017737895716510757 -0.023689018805651409 -0.030301841020760979 -0.043487827240254844 -0.017533372266778799 -0.0030680069129616844 0.02458259694513576 -0.029806547959326791 0.021371245677334803 0.0069629794393201438 0.019598139028068423 -0.0073786198235727954 -0.052726567291730336 -0.0080714065255155336 -0.041341269722515825 0.01541584271509042 0.031314564230536621 -0.018918993761352549 -0.031670123155060508 -0.034813617042127334 -0.043996680633174204 0.024090000757238657 -0.039951094780595192 -0.0088750194053172637 0.010967352662583444 -0.033601026982022213 0.049346109657886911 0.01961591334452624 0.003551828733122802 0.00077058183298658498 -0.017335737503179054 0.024413100845003279 0.0079082379720931389 0.0071246650918816365 -0.023136282547104987 0.0043072410991007023 -0.028035277163331554 0.0041458335272439185 0.0012489592358807169 -0.017362129242289689 0.035196986845136974 0.024009008027864483 -0.028568300063846988 -0.017044827130228892 0.018774062927799342 -0.022500361606684671 0.014634908965576138 0.02527635014927708 -0.0098335102772490676 -0.0068719691130758685 0.051883580407050101 0.029143469568445293 -0.017009892514529262
leaf_weight=38.690758232027292 4.8300480972975519 6.2131387498229733 30.044366024434566 1.5866811387240876 5.5805547758936891 80.506927318871021 23.125198071822524 8.0523041449487192 2.6180980298668119 7.1727890335023421 37.773805983364582 1.2184406984597442 37.728086402639747 0.88083879277110699 2.8375865258276463 1.73400168865919 1.5677923588082192 3.0808257702738047 4.4937570653855792 5.2951341308653346 8.3616092242300493 6.9808141365647343 4.8188427798450011 9.0860145818442088 7.5743152648210517 5.0034853722900152 3.8466830886900407 5.9894702844321754 3.2958539277315166 6.4197718985378733 2.7757223062217298 2.3916473612189284 20.489107172936201 3.043809492141011 1.1073860935866835 15.462986833415926 6.4190060794353467 4.1858009658753863 1.9534327387809751 7.5476015619933623 3.0148747190833118 4.5671317745000124 1.6970951296389101 10.694469276815655 4.0616278387606135 19.723244860768318 2.3988136500120154 13.071330338716505 16.832481142133474 2.7057812362909317 0.76059040427207947 1.5220559909939755 3.6335392110049716 4.6555945426225662 3.9639914855361003 6.6639253459870806 1.846219331026077 3.5340941958129406 2.4392458535730839 69.122427109628916 0.96567503362894314 15.793971121311186
leaf_count=1422 140 191 851 42 80 1593 311 97 66 123 1009 43 1332 26 58 32 38 47 91 75 185 193 101 285 122 66 108 158 87 174 46 59 474 56 28 190 97 81 37 179 45 102 30 230 75 617 46 231 378 45 19 35 77 78 92 122 28 69 44 863 16 364
internal_value=-0.00530772 -0.0183372 -0.028438 0.0380478 0.0176714 -0.008546 0.0449989 0.0194897 -0.0151344 -0.0156754 -0.020607 -0.000744781 -0.04065 -0.0350617 0.0108355 -0.0165375 -0.0152491 0.0018899 -0.0123085 -0.00310105 -0.0250587 -0.0041317 -0.0126034 -0.0259962 0.00173949 0.0199323 -0.0201231 -0.013394 -0.0146711 -0.0217863 -0.00888033 -0.000598523 -0.0149962 -0.00310978 0.00850609 0.0429251 -0.00169065 -0.0175236 -0.0249246 -0.018917 -0.00309313 -0.00506364 -0.0135615 -0.00897809 -0.0129262 -0.0255622 -0.0181984 0.00676511 -0.0116556 -0.00157701 0.00351801 -0.00587436 -0.00140103 0.00565302 0.00600398 0.00163599 -0.00815286 0.00428756 0.0123649 0.0486984 -0.0179493 -0.0128593
internal_weight=625.453 481.366 236 144.086 37.5512 245.366 106.535 14.2876 16.5077 105.435 75.2586 11.6776 115.283 76.5926 9.05951 120.717 6.2353 4.64862 82.3106 139.932 38.406 134.637 29.1852 38.8645 22.2043 7.84107 29.7785 80.5766 76.0829 32.8983 43.1845 23.129 26.4786 30.176 9.97727 21.0435 105.451 69.0455 4.34508 64.8597 96.5931 8.41381 2.80448 20.1987 17.1549 21.3647 13.0933 16.0862 27.0859 10.2534 1.64143 14.63 13.108 9.47444 18.784 16.0082 9.34431 5.38031 8.85825 92.2476 20.0555 16.7596
internal_count=13999 11958 6796 2041 643 5162 1398 224 373 2471 1883 233 3911 2489 167 2885 127 85 1849 2691 1036 2616 606 1157 413 124 872 1817 1726 806 920 453 632 588 181 270 2010 1692 96 1611 1869 210 58 407 351 662 276 276 602 224 45 291 256 179 357 311 189 97 141 1174 467 380
is_linear=0
shrinkage=0.05


Tree=10
num_leaves=63
num_cat=0
split_feature=0 1 2 1 2 0 2 2 1 1 1 1 2 2 2 1 0 3 1 1 3 1 2 2 2 2 1 0 4 4 3 1 3 1 1 2 3 0 4 3 1 3 2 3 1 2 1 4 1 1 0 0 4 4 3 1 0 1 3 3 1 1
split_gain=119.499 16.4941 11.9726 7.41726 13.2653 6.64311 5.11141 3.81882 3.4132 2.77524 2.21783 1.72727 1.55373 1.52219 1.49735 1.6035 1.3379 1.14139 1.11624 1.06995 1.17597 1.13187 1.40642 1.04241 1.01264 1.06812 1.47397 1.00141 0.937093 0.92309 0.907472 0.871291 0.869193 0.864985 1.25463 0.84946 0.835093 0.832218 0.827593 0.81506 1.43037 1.2886 1.26011 1.14364 1.02603 0.80495 0.773055 1.05001 0.722042 0.742871 0.713684 2.96901 1.50961 0.805263 0.770288 0.708758 0.702872 1.00433 0.693271 0.685978 1.11996 0.751988
threshold=2.5000000000000004 0.17250000000000001 14.500000000000002 0.17450000000000002 14.500000000000002 3.5000000000000004 9.5000000000000018 9.5000000000000018 0.059500000000000004 0.21550000000000002 0.37750000000000006 0.14550000000000002 22.500000000000004 15.500000000000002 9.5000000000000018 0.090500000000000011 1.0000000180025095e-35 13.845000000000001 0.11450000000000002 0.077500000000000013 13.245000000000003 0.056500000000000009 16.500000000000004 4.5000000000000009 2.5000000000000004 5.5000000000000009 0.34150000000000008 1.0000000180025095e-35 3.5000000000000004 5.5000000000000009 10.775 0.16750000000000004 13.215000000000002 0.35350000000000004 0.26050000000000006 18.500000000000004 15.135000000000003 3.5000000000000004 2.5000000000000004 10.145000000000001 0.18250000000000002 12.135000000000003 12.500000000000002 12.315000000000003 0.21050000000000002 18.500000000000004 0.23850000000000002 1.5000000000000002 0.05050000000000001 0.065500000000000017 1.5000000000000002 1.0000000180025095e-35 1.5000000000000002 2.5000000000000004 16.415000000000003 0.070500000000000021 1.5000000000000002 0.19150000000000003 13.295000000000002 14.065000000000003 0.33350000000000007 0.28950000000000004
decision_type=2 2 2 2 2 2 2 2 2 2 2 2 2 2 2 2 2 2 2 2 2 2 2 2 2 2 2 2 2 2 2 2 2 2 2 2 2 2 2 2 2 2 2 2 2 2 2 2 2 2 2 2 2 2 2 2 2 2 2 2 2 2
left_child=1 2 14 4 5 -2 11 9 -8 -3 13 -7 19 33 31 -16 17 -17 30 20 -4 22 -22 -5 -11 26 58 -12 50 35 -10 -1 -31 34 39 -30 -24 55 45 40 -9 42 56 -43 -42 -29 47 -27 -14 -50 51 54 -52 -54 -15 -6 57 -41 -26 60 61 -36
right_child=3 7 12 23 37 6 8 10 18 24 27 -13 48 28 15 16 -18 -19 -20 -21 21 -23 36 -25 25 46 -28 38 29 32 -32 -33 -34 -35 59 -37 -38 -39 -40 41 44 43 -44 -45 -46 -47 -48 -49 49 -51 52 -53 53 -55 -56 -57 -58 -59 -60 -61 -62 -63
leaf_value=-0.049875527059166223 -0.04088586710829701 -0.044474172664523665 -0.040972935100889257 0.012666082349456237 -0.0040372649863789824 -0.043604063243162787 -0.027839374705810341 0.03151207719252648 -0.014697072521555743 -0.035600398113294761 0.012666515608789836 0.0067437913226083383 -0.023286167297854436 -0.0069757317023558217 -0.043670100431596942 -0.025048001396518561 -0.042128763114246515 -0.0021280164866295413 0.045945685055067902 -0.014946106188943901 -0.028288915012642208 -0.034065507111424392 0.022888264353965564 0.048361821932281987 -0.017828721267580446 0.031568719660354426 0.030159221664563508 -0.013276749358050208 -0.0033163446424685781 0.011451486879212712 0.0235601442242135 -0.0064195466049355027 -0.028309537054470091 -0.032754139478609279 -0.0023699571844856184 0.016869897451944768 -0.011925980876084536 0.048842089082523951 -0.025764308070703859 0.0048520697742925542 -0.028472310010995545 0.018752647199766204 -0.046254011482184186 -0.014480874054926374 0.0037943908514797824 0.028501972284982188 -0.020487198479330709 -0.015479311557242047 0.016638546521358832 -0.0058795002828372763 -0.016058102804358626 -0.046125387627809405 0.029216536730171768 -0.0029783261415613676 0.0090909729669128563 0.031233259579300073 0.0090794464092336952 -0.03353271465287512 0.019149282311775997 0.0097131858312037075 0.013088631720061758 -0.020008123470365912
leaf_weight=33.6643136292696 6.9816145561635521 9.6255554445087892 9.9231489803642052 2.9739786032587281 1.4369009640067805 3.5364380069077042 1.8700989820063139 1.4881047680973996 1.2594789452850799 3.590265259146693 21.434909848496321 2.3487677872180939 4.2156707718968383 49.874479033052921 26.786382030695677 26.448683796450496 10.393686795607207 7.0173302423208943 7.8521623685956001 57.265676513314247 2.6960699558258039 4.3919774964451781 3.5192942507565022 69.664216857869178 4.3505208697170046 1.1045964322984247 2.6784526780247688 1.4975135959684842 7.7800942007452312 1.527069680392741 5.9227711241692305 1.5230048857629288 2.5755672678351402 3.9466193690896025 12.468459729105239 13.210040770471094 1.9914322420954702 25.65556347835809 2.6946662999689579 2.1691299416124803 3.5034709908068162 2.024239186197522 6.1736708097159854 24.244598278775811 4.9914580639451742 1.2506559081375597 14.23399782553315 1.7854952793568371 3.245022755116227 26.619966611266136 4.2756898552179319 3.7036849036812773 4.5624102130532265 2.7219430431723595 7.8562563657760611 8.1010397728532535 1.8211246095597742 4.3388028554618359 0.77155993320047844 7.125159576535224 4.9664147347211829 11.313267784193156
leaf_count=1323 177 314 336 45 25 126 52 32 25 102 340 37 107 997 1000 877 352 178 100 1389 78 131 83 922 115 27 41 29 149 26 86 52 56 95 259 213 56 336 57 55 94 43 167 572 115 16 343 52 61 532 88 107 69 52 133 110 40 121 16 127 87 254
internal_value=-0.00478222 -0.0167079 -0.0267112 0.036069 0.0232166 -0.00145747 0.0118323 -0.00797351 0.0255081 -0.0223627 -0.00533578 -0.0254493 -0.015253 -0.00725174 -0.0387812 -0.0334705 -0.0264067 -0.0204432 0.0334663 -0.0190484 -0.0284003 -0.0162129 -0.00399648 0.0470922 -0.0136448 -0.00923098 0.0056213 0.00789055 -0.0028894 0.00530109 0.0158751 -0.048224 -0.014166 -0.0118928 -0.0105794 0.00957721 0.0104079 0.0435528 -0.00996475 -0.0155693 -0.00246607 -0.0186418 -0.0303072 -0.0113262 -0.0111102 0.00826784 -0.0159335 0.0059952 -0.00607781 -0.00297297 -0.00573857 -0.0078696 0.00531142 0.0182789 -0.00467174 0.0260408 -0.0147961 -0.0217966 -0.0100405 -0.00328887 -0.00672959 -0.0112294
internal_weight=610.985 473.382 219.702 137.603 64.9648 29.7713 22.7897 253.68 16.9045 38.1404 215.54 5.88521 113.868 188.662 105.833 70.6461 43.8597 33.466 15.0344 79.7876 22.5219 12.5988 8.2068 72.6382 28.5149 24.9246 7.80053 26.8777 98.0872 25.0928 7.18225 35.1873 4.10264 90.5745 86.6279 20.9901 5.51073 35.1935 5.44284 50.7546 9.98303 40.7716 14.5027 26.2688 8.49493 2.74817 17.1241 2.89009 34.0807 29.865 72.9945 61.4344 11.56 7.28435 57.7307 9.53794 8.32906 6.50793 5.12208 35.8733 28.7481 23.7817
internal_count=13999 11958 6555 2041 1074 603 426 5403 263 1010 4393 163 2773 3951 3782 2407 1407 1055 211 2073 684 348 217 967 696 594 172 442 1890 444 111 1375 82 2061 1966 362 139 471 102 1239 241 998 383 615 209 45 422 79 700 593 1446 1237 209 121 1130 135 216 176 131 727 600 513
is_linear=0
shrinkage=0.05


Tree=11
num_leaves=63
num_cat=0
split_feature=0 1 2 2 1 2 1 2 2 1 1 2 1 3 1 0 0 1 3 1 1 0 1 1 2 0 2 3 1 2 2 1 3 0 2 3 1 1 3 3 3 3 1 2 1 3 3 3 3 1 3 1 1 3 3 1 3 3 1 3 0 1
split_gain=101.442 14.1536 11.5069 6.88497 8.99304 2.75081 2.68376 3.77562 1.94795 1.78004 1.74481 1.65078 1.56746 1.47122 1.3485 1.2998 4.58046 1.75391 1.22921 1.17678 1.07329 1.06713 1.67695 0.999291 0.934375 0.928732 0.916561 1.31852 0.863077 0.813606 1.03755 1.25248 0.867839 0.790429 0.771193 0.868473 0.752793 0.708264 0.945598 2.43425 0.872074 1.07963 0.928161 0.747294 0.839361 0.970661 1.60334 0.777354 0.916037 1.14923 1.31118 1.14947 1.08443 0.766938 0.703866 0.733007 0.698834 0.679292 0.807933 0.641237 0.631933 1.22009
threshold=2.5000000000000004 0.17850000000000002 14.500000000000002 10.500000000000002 0.18350000000000002 8.5000000000000018 0.090500000000000011 14.500000000000002 9.5000000000000018 0.10850000000000001 0.30350000000000005 9.5000000000000018 0.21550000000000002 15.175000000000002 0.27750000000000008 1.0000000180025095e-35 1.5000000000000002 0.092500000000000013 11.385000000000003 0.14550000000000002 0.11550000000000002 3.5000000000000004 0.15550000000000003 0.027500000000000004 11.500000000000002 1.0000000180025095e-35 22.500000000000004 11.785000000000002 0.46550000000000008 2.5000000000000004 5.5000000000000009 0.32150000000000006 13.365 3.5000000000000004 22.500000000000004 9.1750000000000025 0.27150000000000007 0.05050000000000001 13.245000000000003 14.155000000000003 11.935 12.225000000000003 0.15150000000000002 23.500000000000004 0.071500000000000008 15.535000000000002 14.335000000000003 12.865 13.295000000000002 0.13450000000000004 13.365 0.16750000000000004 0.17450000000000002 15.575000000000001 13.125000000000002 0.10950000000000001 11.785000000000002 13.125000000000002 0.14450000000000002 12.975000000000003 3.5000000000000004 0.23450000000000001
decision_type=2 2 2 2 2 2 2 2 2 2 2 2 2 2 2 2 2 2 2 2 2 2 2 2 2 2 2 2 2 2 2 2 2 2 2 2 2 2 2 2 2 2 2 2 2 2 2 2 2 2 2 2 2 2 2 2 2 2 2 2 2 2
left_child=1 2 8 4 11 12 7 24 -1 -10 13 19 -3 26 -15 18 -17 23 34 -2 -13 22 -8 -18 -5 54 -7 -28 -12 -14 31 32 -31 -9 35 -4 -32 38 -20 -40 42 -42 -39 47 53 46 57 -43 -49 50 -50 -51 -53 -45 55 -11 -21 -46 -59 -38 61 -6
right_child=3 5 15 6 60 10 21 33 9 25 28 20 29 14 -16 16 17 -19 37 56 -22 -23 -24 -25 -26 -27 27 -29 -30 30 36 -33 -34 -35 -36 -37 59 40 39 -41 41 43 -44 44 45 -47 -48 48 49 51 -52 52 -54 -55 -56 -57 -58 58 -60 -61 -62 -63
leaf_value=-0.046723870646584884 -0.044288830838579513 -0.040530216716431165 0.0036725224660927053 0.012823221335490992 -0.019559748687289068 -0.01188416072035681 0.010959073986535102 0.0082688367556612505 -0.039097470978524701 0.015712384041664963 -0.00036143493432554 -0.014499335786732138 -0.033101216452594874 -0.0030281151507007683 0.023779476958974245 -0.057465885957280707 0.0097311472581216758 0.001401832673481076 -0.038809814879796733 -0.018531575813370334 0.024095818878140399 0.047916008480258093 0.040957102613325844 -0.035055761253973812 -0.024611202292524975 -0.036386363051794803 0.0249130094210415 -0.006980628243867565 0.016174085993421492 -0.021529725642839191 -0.00095863541682649498 0.024322050070994382 0.021237002395137768 0.042967074755760337 0.0081008201612825358 -0.034888186924310886 -0.031751414746470273 0.021863665749492004 0.023300599058578716 -0.028606822788370026 -0.033431094167621321 0.003898013412317112 -0.01630986760802516 -0.0036180248859083372 0.0097956487618177605 -0.016167743723869737 0.029170913855723429 -0.033319627315437653 0.024844289550191995 0.011876278316586712 -0.019684651321077294 -0.039441261041641335 0.009151328422599107 0.038486410933467219 -0.0037390637368221492 -0.02330299463406638 0.018146259178247054 -0.036938744518292023 0.010812411976408899 0.0040205711050080306 0.043347280860355164 0.029909929421177664
leaf_weight=34.504378316923976 4.5819724742323178 6.8349196296185282 1.5080412197858084 1.8101387862116123 1.0937236770987486 103.33494244515896 7.7939380388706949 2.6646426655352089 34.176674290560186 0.60882783308625832 59.57438718341291 2.7965120971202841 3.5029984731227186 20.842733625322584 4.9917994663119307 6.2237729094922569 1.0540444012731338 12.594712182879446 3.2060096208006126 2.5299236765131359 2.4715299708768725 62.846663645934314 15.505355800036339 6.1951734330505133 3.7078680451959372 8.3888913281261903 3.354158326983451 11.692028250545262 8.0892805177718383 3.5961226355284479 4.712552120909093 3.456502690911293 0.71675454825162876 8.3513994023669511 1.1351458691060532 8.7036149445921165 6.3309491984546185 4.2986298985779277 2.9259936735033989 4.426541805267334 2.9007281791418782 8.3349626343697292 1.4357871748507021 1.5503713339567213 1.7548321112990359 6.459589857608079 3.6298288851976395 3.8207239266484967 0.96093346178532257 8.9276656433939916 18.574304167181253 1.6239676587283605 1.4947484917938707 1.6774376556277273 8.2960600703954679 19.608462978154421 1.1076313778758047 1.8825179301202299 0.74383619427680958 1.2597958110272882 11.393922437913716 2.5089358976110816
leaf_count=1422 171 233 31 32 23 2380 124 42 1332 13 1107 58 102 389 76 189 26 270 108 50 36 883 217 179 89 285 47 224 121 101 128 57 14 114 22 256 158 97 66 124 82 197 35 34 32 136 57 111 22 174 482 43 27 25 210 649 15 48 12 25 153 34
internal_value=-0.00433423 -0.0152738 -0.0243209 0.0343466 0.0120558 -0.00685794 0.0403543 0.0200908 -0.036268 -0.0306146 -0.00478487 -0.0169653 -0.0206894 -0.00787599 0.00284482 -0.0134201 -0.0232124 -0.0102278 -0.0104249 -0.0297617 0.00456322 0.0439683 0.0317863 -0.0281535 -0.0122478 -0.021934 -0.0102198 0.00123873 0.00182217 -0.0135222 -0.00869666 0.00523375 -0.0117628 0.0359606 -0.0252725 -0.029374 -0.0172257 -0.00805146 -0.0196385 -0.00763338 -0.00605372 -0.00775009 0.0113031 -0.00602152 0.00254744 -0.00298531 0.0082588 -0.0094684 -0.012636 -0.00918782 -0.0163911 0.00285454 -0.0195843 0.0221906 -0.0165931 -0.0214429 -0.00585857 -0.0112682 -0.0241624 -0.0260376 0.0375857 0.0139049
internal_weight=597.081 465.917 223.627 131.164 28.4842 242.29 102.68 16.534 105.583 71.0789 211.879 13.4876 30.4106 144.216 25.8345 118.044 26.0677 19.8439 91.9762 8.21953 5.26804 86.146 23.2993 7.24922 5.51801 36.9022 118.381 15.0462 67.6637 23.5757 20.0727 7.76938 4.31288 11.016 11.3468 10.2117 12.3033 80.6294 10.5585 7.35254 70.0709 64.3364 5.73442 61.4357 17.6984 14.4706 8.01102 43.7373 35.4023 31.5816 19.5352 12.0464 3.11872 3.22781 28.5134 20.2173 3.63756 4.38119 2.62635 7.59075 14.9966 3.60266
internal_count=13999 11958 6796 2041 540 5162 1501 277 3911 2489 4344 330 818 3116 465 2885 664 475 2221 236 94 1224 341 205 121 1157 2651 271 1228 585 483 172 115 156 309 287 311 1912 298 190 1614 1482 132 1400 344 285 149 1056 859 748 504 244 70 59 872 662 65 92 60 183 210 57
is_linear=0
shrinkage=0.05


Tree=12
num_leaves=63
num_cat=0
split_feature=0 1 2 1 2 0 2 2 1 1 1 2 1 2 0 1 2 0 3 3 1 3 1 0 2 3 0 1 4 1 1 3 4 1 2 1 4 0 0 0 2 3 0 0 3 3 2 3 3 2 4 2 0 4 1 1 2 2 1 3 2 2
split_gain=86.3333 12.5838 10.171 6.20951 10.623 5.30927 3.64873 2.87249 2.79053 2.10567 1.63114 1.61821 1.59966 1.47877 1.41748 1.31374 1.20196 1.192 1.13027 1.25536 1.10479 1.21301 0.976185 0.930767 0.906309 0.887102 1.73512 1.04774 0.884443 1.02434 0.860691 0.849633 0.916378 1.11786 0.893048 0.860344 0.836403 0.828507 0.828308 3.05089 0.818402 1.17646 1.12378 4.20644 0.990256 0.967428 1.26715 1.00866 0.840697 1.08317 1.30612 0.867497 0.801603 0.799335 1.31107 1.12017 0.786379 1.03976 0.785411 0.75874 0.747204 0.746858
threshold=2.5000000000000004 0.16250000000000003 14.500000000000002 0.17650000000000002 14.500000000000002 3.5000000000000004 9.5000000000000018 9.5000000000000018 0.059500000000000004 0.21550000000000002 0.14550000000000002 9.5000000000000018 0.25950000000000006 25.500000000000004 1.0000000180025095e-35 0.090500000000000011 14.500000000000002 1.5000000000000002 13.295000000000002 14.155000000000003 0.21350000000000002 14.095000000000001 0.11450000000000002 1.0000000180025095e-35 4.5000000000000009 10.185 1.0000000180025095e-35 0.33150000000000007 3.5000000000000004 0.14250000000000002 0.15150000000000002 10.295000000000002 2.5000000000000004 0.18450000000000003 10.500000000000002 0.18350000000000002 2.5000000000000004 3.5000000000000004 1.0000000180025095e-35 1.5000000000000002 19.500000000000004 17.625000000000004 1.0000000180025095e-35 1.5000000000000002 16.695000000000004 11.165000000000001 10.500000000000002 11.355000000000002 9.0550000000000015 13.500000000000002 1.5000000000000002 12.500000000000002 1.5000000000000002 1.5000000000000002 0.36650000000000005 0.28550000000000003 28.500000000000004 24.500000000000004 0.058500000000000003 14.435 15.500000000000002 12.500000000000002
decision_type=2 2 2 2 2 2 2 2 2 2 2 2 2 2 2 2 2 2 2 2 2 2 2 2 2 2 2 2 2 2 2 2 2 2 2 2 2 2 2 2 2 2 2 2 2 2 2 2 2 2 2 2 2 2 2 2 2 2 2 2 2 2
left_child=1 2 11 4 5 -2 10 9 -8 -3 -7 -1 16 14 18 -13 20 -16 28 -20 21 31 -10 -17 -5 27 -27 -11 -4 -30 -21 35 33 -33 -35 61 -19 58 56 -40 42 -42 44 -44 45 48 -47 -48 51 -50 -51 -14 -37 55 60 -49 57 -18 -6 -23 -55 -9
right_child=3 7 13 24 37 6 8 12 22 25 -12 15 40 -15 17 23 38 36 19 30 -22 59 -24 -25 -26 26 -28 -29 29 -31 -32 32 -34 34 -36 52 -38 -39 39 -41 41 -43 43 -45 -46 46 47 53 49 50 -52 -53 -54 54 -56 -57 -58 -59 -60 -61 -62 -63
leaf_value=-0.046553370534558568 -0.036274256021893096 -0.036637876531262277 -0.022154559481834497 0.010853704373613484 -0.01073197664884684 -0.040006730867777965 -0.02562249776553388 0.034064826302325893 0.014064590002114435 -0.03111781552517728 0.0080439329525167132 -0.03973732652774347 -0.034605034026214926 -0.00047861366406800205 -0.049023440725648376 -0.017540178946664115 -0.0034934885804171834 -0.0088769665778987202 0.0068212709404049492 -0.015427463547787443 -0.024440638236664369 0.033292084746946227 0.042684761832901277 -0.037671283054561716 0.04492485326548229 0.0055602598364186701 -0.030295613143321822 -0.00010688851407385539 0.018732246817079089 -0.028660446449597671 0.012572968481049135 -0.025148808265090829 -0.034908087728966322 0.028109575258287813 -0.0070912404392102606 -0.022384639405764975 -0.035763776194957367 0.045487639196631569 -0.047806669720593407 -0.00054735834534041519 0.011218629771591255 -0.023722444982761215 -0.053343369964155098 0.00043965987805054797 0.025912457039026629 -0.030570885953187202 -0.033312243554173809 0.029180136374155161 0.022814456778691702 -0.035632045845764952 0.0092496413800451909 0.0092507852021312224 0.018840272709819951 -0.0030803244176465122 0.010512966342876025 -0.0011444696426023101 -0.025815714019772326 0.013871980662808189 0.027826870071624876 -0.0021551155921401572 -0.023484363152433019 -0.0093170806745735812
leaf_weight=28.804909458383918 7.0432275197235894 11.30914146080613 25.804951123893265 2.7838002555072299 1.0046244133263815 3.2187486030161407 1.8160795755684365 1.7201904281973903 6.9662255719304067 7.5064895171672124 2.5509092044085264 24.135884275805438 1.2028127722442179 19.81370172649622 4.3826752118766317 27.900776629336178 47.940276842564344 9.8593011125922185 12.305832175537942 21.680992336943749 17.642860611900687 1.51699774339795 7.2095918354752939 8.26580001413822 61.307607095921412 13.002767834812405 3.4588247053325167 4.0167748406529427 2.5611147563904519 0.69146672636270512 2.3639894239604464 5.0184921231120843 5.0452279914170495 1.6155100390315054 4.9223971981555223 3.1588991973549132 3.792614210397006 23.221308839623816 3.8520813789218638 11.61014986410737 22.058622522279624 1.749937817454337 3.8632199205458173 14.337229292839766 2.6540456600487223 3.3645023293793193 1.4335933029651631 3.8356892280280581 9.4231869317591173 1.2075088471174229 5.1554906200617552 1.646496783941984 0.78684662282466877 10.299986366182571 8.3952066302299482 8.0323440805077535 2.2275418415665618 9.4635922387242299 8.0834539728239161 3.4938180521130562 7.4674803763627997 1.0118618905544279
leaf_count=1276 181 413 729 43 19 126 52 42 111 224 40 1000 32 401 143 941 981 254 282 548 469 26 102 309 909 297 92 83 60 20 43 152 148 37 124 88 107 342 118 227 359 36 112 276 38 81 35 65 157 31 92 30 16 207 137 150 48 157 116 74 162 29
internal_value=-0.00390252 -0.0139505 -0.0236675 0.0327369 0.02079 -0.00139796 0.0109877 -0.00687305 0.0229704 -0.019195 -0.0207123 -0.035983 -0.00466675 -0.0127964 -0.015681 -0.0302567 -0.00857118 -0.0279321 -0.0119334 -0.00580582 -0.0148702 -0.00827111 0.0304739 -0.0230309 0.0436345 -0.0111252 -0.00327712 -0.0211797 -0.0191507 0.00428669 -0.0122825 -0.0130305 -0.0187972 -0.00954367 0.00418203 0.00188692 -0.0182774 0.0400194 -0.0045734 -0.0145098 -0.000175734 0.00779775 -0.00254777 -0.01316 0.000620418 -0.000869052 -0.00498795 -0.00210529 0.00836908 0.0128723 -0.00295015 -0.013443 -0.0120165 -0.000105576 -0.00496599 0.0101623 -0.0018001 -0.000442121 0.0229231 0.0123297 -0.0124503 0.0198063
internal_weight=584.018 458.812 192.364 125.206 61.1142 28.8048 21.7616 266.448 15.9919 39.294 5.76966 89.1074 227.154 103.257 83.4429 60.3025 121.027 18.0346 65.4083 36.3508 45.9331 28.2902 14.1758 36.1666 64.0914 27.9849 16.4616 11.5233 29.0575 3.25258 24.045 23.2794 16.6016 11.5564 6.53791 6.6778 13.6519 32.3094 75.0936 15.4622 106.127 23.8086 82.3188 18.2004 64.1183 61.4643 42.8288 39.4643 18.6355 15.7862 6.363 2.84931 3.94575 38.0307 26.1627 11.868 59.6314 57.4039 9.08808 5.01082 17.7675 2.73205
internal_count=13999 11958 6113 2041 1089 612 431 5845 265 1109 166 3526 4736 2587 2186 2250 2736 504 1682 873 1205 736 213 1250 952 696 389 307 809 80 591 636 461 313 161 175 361 477 1531 345 2000 395 1605 388 1217 1179 837 756 342 280 123 62 104 721 506 215 1186 1138 135 100 369 71
is_linear=0
shrinkage=0.05


Tree=13
num_leaves=63
num_cat=0
split_feature=0 1 2 2 1 1 2 0 1 2 1 2 2 0 1 1 0 1 3 2 0 2 1 0 0 3 1 3 4 4 3 1 3 1 2 2 1 3 1 4 1 1 1 3 1 1 1 1 2 1 4 3 1 2 4 1 1 1 1 1 3 0
split_gain=73.825 10.6703 9.29267 5.80639 6.91243 2.45973 2.41233 1.90206 2.09994 2.10748 1.85914 1.73066 1.63395 1.52141 1.70516 1.33747 1.29881 1.24401 1.23504 1.23346 1.39348 1.21454 1.2018 1.08991 9.83787 0.9868 1.13725 0.951389 1.30452 2.01423 1.4274 1.04165 0.823909 0.923375 0.837106 0.790879 0.785508 1.13945 1.03718 0.943567 1.15714 1.14668 0.839206 0.770622 0.767263 0.734488 0.733266 1.29041 0.716838 0.937591 0.721273 1.03361 0.719116 0.716032 1.36071 1.28275 2.05056 0.892054 1.29662 0.712312 0.692815 0.679233
threshold=2.5000000000000004 0.16250000000000003 14.500000000000002 10.500000000000002 0.18350000000000002 0.043500000000000004 9.5000000000000018 3.5000000000000004 0.15550000000000003 16.500000000000004 0.21550000000000002 9.5000000000000018 16.500000000000004 3.5000000000000004 0.14450000000000002 0.065500000000000017 1.0000000180025095e-35 0.37750000000000006 11.755000000000001 21.500000000000004 1.0000000180025095e-35 9.5000000000000018 0.07350000000000001 1.5000000000000002 1.0000000180025095e-35 12.135000000000003 0.12850000000000003 13.845000000000001 1.5000000000000002 1.0000000180025095e-35 14.735000000000001 0.14250000000000002 11.385000000000003 0.10450000000000001 18.500000000000004 2.5000000000000004 0.23250000000000004 11.305000000000001 0.21350000000000002 2.5000000000000004 0.18650000000000003 0.18150000000000002 0.28750000000000003 15.675000000000002 0.098500000000000018 0.21750000000000003 0.12550000000000003 0.13750000000000004 5.5000000000000009 0.27550000000000008 2.5000000000000004 12.105000000000002 0.25950000000000006 16.500000000000004 1.0000000180025095e-35 0.13050000000000003 0.14250000000000002 0.11450000000000002 0.14650000000000002 0.14950000000000002 17.380000000000006 1.0000000180025095e-35
decision_type=2 2 2 2 2 2 2 2 2 2 2 2 2 2 2 2 2 2 2 2 2 2 2 2 2 2 2 2 2 2 2 2 2 2 2 2 2 2 2 2 2 2 2 2 2 2 2 2 2 2 2 2 2 2 2 2 2 2 2 2 2 2
left_child=1 2 11 4 13 12 10 8 9 -7 -3 -1 -5 -2 21 -13 18 23 -17 20 22 -15 -4 24 43 26 -20 46 29 -29 -31 -30 -24 34 44 -12 38 42 39 40 -25 -41 -38 -8 -34 -6 -27 -48 49 -37 51 52 -50 54 -35 -55 -57 -56 -59 -21 -45 -19
right_child=3 6 19 5 45 7 17 -9 -10 -11 35 15 -14 14 -16 16 -18 61 25 59 -22 -23 32 36 -26 27 -28 28 31 30 -32 -33 33 53 -36 48 37 -39 -40 41 -42 -43 -44 60 -46 -47 47 -49 50 -51 -52 -53 -54 55 57 56 -58 58 -60 -61 -62 -63
leaf_value=-0.045141505866176435 -0.042172883725609726 -0.034531459022731449 -0.023327484102214496 -0.031126304587101923 0.0098509668506843867 -0.014560549212002291 -0.0054376113398479538 0.043518791842394128 0.037103536221301914 0.02678304566106909 -0.030002038977581687 -0.042187091205524975 0.021933383837166989 -0.03825693503227532 0.017741819420372649 -0.027367715818618195 -0.038430379490946 0.0096595682757979456 0.034259486760904852 -0.0062407864570832861 -0.029077319083648485 0.0032923774905442558 -0.022001014163118476 -0.0094989081208944112 -0.052825055155593027 -0.032858213575758737 -0.01662100308271908 -0.02082328501741364 -0.03003299600206662 0.06834071659326528 -0.0046241470436829179 0.013971354134107876 0.0069374921584391992 -0.034095528762852406 0.026772447560277912 -0.016400422905591489 -0.030201482878308622 0.014961408100779384 -0.028514563451649995 0.011674347035932984 0.025183031666799405 -0.034540995682945101 0.0072967920245981524 0.0099425960510774181 -0.026656954364522752 0.040091010415897632 0.029141494558009004 -0.022359415978408681 0.0085053324611995794 0.016559070441925405 -0.025004223102231951 0.016781866578808063 -0.02173110275795859 -0.030336052642980178 0.040803843634356185 0.02861049866566942 -0.018700988880074279 -0.018424819396832111 0.023060789839712322 0.015912152168297049 -0.0097877623333113006 -0.0089530780958182107
leaf_weight=27.071355557069182 2.9027359606698164 10.809054885990916 14.22997275739908 1.5707514565438025 3.4149302635341874 5.101512582041325 134.21217067539692 64.483622302301228 14.013495322782545 5.3404128737747669 3.3693257458508041 13.856560023501514 2.3339936016127467 3.0385240335017443 4.062059547752142 15.681099216453729 10.230455327779053 21.251504980027679 1.7376819364726572 32.651979327201843 14.304762391373513 2.8568181470036507 5.9875976815819731 3.5341103263199312 10.100436074659227 5.434453687630592 1.0548552069813011 1.1058894321322432 2.8209778368473053 1.0593847064301369 0.81701550260186206 1.3464496992528436 6.1185528207570332 0.966368298977616 3.1227824725210667 2.3389963544905212 1.9409955404698873 15.340947192162274 2.891948025673627 1.6252357326447957 4.5184356905519962 2.2422471046447754 2.4044087715446949 15.481516245752575 1.2347108516842125 10.282134399749337 1.0197209604084494 2.0685172509402037 2.1646499745547789 5.3233282882720232 5.6767574138939372 3.2626661360263824 5.611605292186141 6.1781521551310998 1.0550625063478944 2.6870818212628365 5.0473691299557686 2.9014558382332325 2.6479409150779247 3.1058884225785723 5.1993491202592841 5.4351903721690169
leaf_count=1276 91 413 461 46 60 104 2918 1021 217 76 102 599 37 125 63 599 410 340 65 707 426 51 164 86 313 215 38 38 100 29 23 27 147 28 75 69 48 274 72 35 83 57 44 266 35 150 35 72 61 103 152 69 140 176 20 51 121 73 50 53 98 102
internal_value=-0.00357948 -0.0128178 -0.0219148 0.03123 0.0101324 0.0370925 -0.00631498 0.0387796 0.0250645 0.00707697 -0.017724 -0.0340316 -0.00140522 -0.0156263 -0.00474504 -0.0281919 -0.0229885 -0.00430063 -0.0174002 -0.0115734 -0.015562 -0.0205651 -0.0113795 -0.00565777 -0.00734017 -0.00796435 0.015725 -0.0128754 0.000799268 0.0222199 0.0460081 -0.0158633 -0.00641515 -0.00291622 0.00873047 -0.0102032 0.00236869 0.00872568 -0.00609778 0.00112688 0.0105939 -0.0167114 -0.0119694 -0.00405432 -0.00121937 0.0337349 -0.0232263 -0.00238552 -0.00639236 0.00576606 -0.0119765 -0.00375661 -0.0133042 -0.00873125 0.0033895 -0.015112 -0.000870408 0.0126367 0.00186899 -0.00393606 0.00475956 0.00568234
internal_weight=571.68 452.279 187.544 119.401 26.5572 92.8438 264.735 88.939 24.4554 10.4419 38.5564 85.3044 3.90475 12.8601 9.9574 58.2331 44.3765 226.178 34.146 102.24 66.4818 5.89534 52.177 199.492 164.993 18.4649 2.79254 15.6724 7.14972 2.98229 1.8764 4.16743 37.9471 31.9595 10.476 27.7473 34.4983 19.6864 14.812 11.92 8.05255 3.86748 4.3454 154.893 7.35326 13.6971 8.52269 3.08824 24.378 7.66232 16.7157 11.0389 7.77626 21.4834 7.57083 13.9126 7.73445 6.60446 5.5494 35.7579 20.6809 26.6867
internal_count=13999 11958 6113 2041 540 1501 5845 1418 397 180 1109 3526 83 330 239 2250 1651 4736 1241 2587 1827 176 1401 4294 3595 642 103 539 217 90 52 127 940 776 257 696 699 366 333 261 169 92 92 3282 182 210 322 107 594 172 422 270 201 519 171 348 172 143 123 760 364 442
is_linear=0
shrinkage=0.05


Tree=14
num_leaves=63
num_cat=0
split_feature=0 1 2 1 2 2 0 1 2 1 1 3 3 1 2 3 3 2 3 1 4 3 1 2 3 2 3 0 1 2 4 0 1 3 3 1 3 1 4 3 3 0 0 3 3 0 1 3 3 3 1 2 1 1 3 4 1 3 3 1 2 4
split_gain=63.0109 9.32641 6.11256 5.39552 8.80229 3.68612 3.53211 3.15977 2.69742 2.4949 1.48265 1.81402 1.61486 1.40386 1.33534 1.30035 1.49824 1.26528 1.25787 1.24027 1.23202 1.21058 1.14687 1.00677 1.13227 1.00543 0.991134 0.912293 1.20394 0.880017 0.851458 0.915146 0.850532 0.818766 1.43941 0.807251 0.822492 0.744926 0.732901 1.24125 0.719355 0.713881 1.84082 1.03713 0.70811 1.46605 0.911489 0.675367 0.671161 0.949789 0.666824 1.04384 0.674279 0.612081 0.606603 0.597703 0.595805 1.38318 0.997298 0.733142 0.594535 0.588522
threshold=2.5000000000000004 0.13050000000000003 12.500000000000002 0.17650000000000002 14.500000000000002 9.5000000000000018 3.5000000000000004 0.21550000000000002 9.5000000000000018 0.088500000000000009 0.23450000000000001 13.545000000000002 13.265000000000002 0.21350000000000002 22.500000000000004 12.635000000000003 15.635000000000003 14.500000000000002 10.335000000000003 0.14550000000000002 3.5000000000000004 14.525 0.037500000000000006 20.500000000000004 17.625000000000004 4.5000000000000009 12.635000000000003 3.5000000000000004 0.054500000000000007 12.500000000000002 2.5000000000000004 1.0000000180025095e-35 0.11350000000000002 12.135000000000003 12.425000000000002 0.12550000000000003 11.815000000000003 0.045500000000000006 4.5000000000000009 13.425000000000002 14.405000000000003 1.0000000180025095e-35 1.5000000000000002 17.755000000000006 10.185 1.0000000180025095e-35 0.33150000000000007 12.025 14.185 14.125000000000002 0.095500000000000015 13.500000000000002 0.12050000000000001 0.24450000000000002 12.785000000000002 2.5000000000000004 0.039500000000000007 13.425000000000002 13.365 0.081500000000000017 21.500000000000004 1.0000000180025095e-35
decision_type=2 2 2 2 2 2 2 2 2 2 2 2 2 2 2 2 2 2 2 2 2 2 2 2 2 2 2 2 2 2 2 2 2 2 2 2 2 2 2 2 2 2 2 2 2 2 2 2 2 2 2 2 2 2 2 2 2 2 2 2 2 2
left_child=1 2 35 4 6 7 -2 -3 19 37 11 12 17 20 15 50 21 29 -19 -8 41 48 -23 38 60 53 47 28 -6 -7 31 -28 -24 -31 -35 -1 -37 -10 -12 -40 -41 43 -43 -13 46 -46 -9 -16 49 54 -4 52 -52 -5 -17 -44 57 -56 59 -58 -25 -62
right_child=3 5 14 25 27 10 8 44 9 -11 23 13 -14 -15 26 16 -18 18 -20 -21 -22 22 32 24 -26 -27 30 -29 -30 33 -32 -33 -34 34 -36 36 -38 -39 39 40 -42 42 55 -45 45 -47 -48 -49 -50 -51 51 -53 -54 -55 56 -57 58 -59 -60 -61 61 -63
leaf_value=-0.039594457149381562 -0.030739026344970156 -0.03710254182664937 -0.033736892437183023 -0.015937113946918151 -0.022764341508254841 -0.010455824730034471 -0.037124650206607816 -0.028028367951798118 -0.031702348704916325 0.033251597181985566 -0.0048481511189223531 0.01068671386171177 -0.038814194488495379 -0.018254765055877562 -0.0020158032490927512 0.010823490851353056 -0.030090349418783881 0.016620662575529369 -0.0082214978923679082 0.0058941559001896432 -0.015432022713070842 -0.023556327794927178 0.024739379829920194 0.029034599506419952 -0.020960387779805259 0.041935945954269742 -0.0083618599976158017 0.042753974010770121 0.025507463729854248 -0.033836528743319036 0.0047564704290150887 -0.039473694064013493 -0.013297868351007795 0.023684954130221651 -0.025543160261188386 -0.025853857660694125 0.018952723150686177 0.0037955253677390307 0.018477180033233408 -0.032805122220204888 0.0027978705402486436 -0.041376955810203224 0.011745112894829568 -0.024331422859543074 0.0056417548893255383 -0.027556545820237123 0.00088961158087058243 0.032356512203670827 -0.03258701696826416 0.025854758176547234 0.023702916062259105 -0.022953217781114851 -0.018623365176104599 0.02128405295616953 -0.027762425384838446 -0.017592027881459856 -0.019895264031720709 0.026587777062453733 -0.029205028819453804 0.009691397892240116 -0.017007407379136974 0.0093264047802729382
leaf_weight=41.424822707660496 6.9074009979376596 16.366473035421222 16.151026088744405 0.94834058359265272 0.71822526119649577 21.690557356923819 2.9334924351424005 7.2116873264312762 1.1174542531371106 9.5794858941808325 91.064150672405958 31.302712891250849 4.9681582488119593 9.715395422652362 2.8180684149265316 2.00115893967451 8.3622862193733436 5.11197212524712 30.742290480062366 2.5031962487846613 7.7995953653007737 1.2801990173757056 5.6437269570305943 2.8166330903768602 2.2794660180807105 54.785332579165697 10.417454183101656 20.695921869948506 7.8913294551894069 10.520383831113575 6.435459177941083 2.4185325875878325 1.1981387566775081 1.5526004135608662 2.6273993775248528 1.1260504219681018 1.0165925379842518 4.3181051146239042 8.1580334007740003 1.3496817685663689 3.2279651388525963 1.7919543720781783 6.5119563564658165 1.3293705414980639 12.965382019057872 3.3734508398920289 3.9884277060627937 1.6885649822652338 2.7230258807539931 0.9289898993447413 1.7669570147991174 8.176931004971264 0.55003766901791085 1.7177216988056896 1.0124964807182579 1.3096948005259035 2.626804141327737 1.838481845334172 7.9369204081594944 4.0080293267965317 1.4265843108296419 21.501002980396152
leaf_count=1910 181 715 624 19 16 670 126 224 36 153 1870 603 140 217 59 57 259 101 705 40 169 41 153 41 46 909 233 342 119 333 127 65 35 43 82 50 39 76 142 33 58 56 129 30 297 92 83 29 86 22 65 249 21 24 38 31 99 41 247 116 29 354
internal_value=-0.00330593 -0.0117913 -0.0228101 0.0296906 0.0182376 -0.00702765 -0.00224285 -0.0203047 0.00836578 0.0190347 -0.00479176 -0.00841524 -0.0134285 -0.00182348 -0.0150861 -0.0187014 -0.0124331 -0.0111767 -0.00432471 -0.0194791 0.00166149 -0.0069127 0.00892539 -0.000991688 0.00725818 0.0404816 -0.00467149 0.0368009 0.0195307 -0.0176314 -0.00962175 -0.0166532 0.017232 -0.0268788 -0.00621564 -0.0380667 -0.00532885 -0.00729436 -0.00326698 0.00756878 -0.0116989 0.00510125 -0.0063999 0.0085791 -0.00937142 -0.00240662 -0.0185017 0.0144001 -0.0126264 -0.00855485 -0.0272218 -0.0151317 0.0110697 0.00730844 -0.0113859 0.00539543 -0.0143859 0.00508887 -0.0182783 -0.0030939 0.010447 0.00704557
internal_weight=560.37 446.254 133.551 114.116 56.6646 312.703 27.3591 43.9054 20.4517 15.015 268.798 136.974 77.2134 59.7607 89.9833 66.2052 39.5603 72.2452 35.8543 5.43669 50.0453 31.198 8.12206 131.824 28.0237 57.4514 23.7781 29.3055 8.60955 36.3909 19.2714 12.836 6.84187 14.7004 4.18 43.5675 2.14264 5.43556 103.8 12.7357 4.57765 42.2457 9.61361 32.6321 27.5389 16.3388 11.2001 4.50663 23.0759 20.3529 26.645 10.4939 2.31699 2.66606 19.4239 7.82165 17.4227 2.85098 14.5718 6.63483 25.7442 22.9276
internal_count=13999 11958 4665 2041 1089 7293 612 1411 431 265 5882 3309 2074 1235 2666 2153 1194 1934 806 166 1018 935 229 2573 470 952 513 477 135 1128 425 298 188 458 125 1999 89 112 2103 233 91 849 216 633 696 389 307 88 706 620 959 335 86 43 598 160 541 79 462 215 424 383
is_linear=0
shrinkage=0.05


Tree=15
num_leaves=63
num_cat=0
split_feature=0 1 2 2 1 0 1 2 2 3 2 0 0 1 0 1 2 0 0 1 3 1 3 1 1 4 2 3 3 3 3 1 2 1 2 3 3 1 3 4 3 2 4 1 1 1 3 1 3 3 3 2 3 1 4 4 1 1 3 4 1 1
split_gain=53.9859 8.27771 8.00594 4.9717 7.95944 3.97184 4.41864 2.03365 1.8115 1.72394 1.46062 1.35174 10.1095 1.25571 1.24133 1.12518 0.996114 1.05739 1.24987 0.979811 0.935718 0.879273 0.867402 0.939225 0.865679 0.826439 0.815965 0.785066 1.08073 0.783107 1.10719 0.763341 0.743745 1.12908 1.01309 0.928773 1.69569 1.42911 0.739906 1.26888 0.877479 0.731199 0.841391 1.45599 0.865236 0.686884 0.994728 0.968201 1.07881 1.2794 1.25582 0.758217 0.675726 0.947873 1.15206 0.70682 0.700705 0.768677 0.608924 0.600843 0.590583 0.943823
threshold=2.5000000000000004 0.16250000000000003 14.500000000000002 14.500000000000002 0.11550000000000002 3.5000000000000004 0.23450000000000001 4.5000000000000009 9.5000000000000018 10.525 3.5000000000000004 1.0000000180025095e-35 1.5000000000000002 0.065500000000000017 1.0000000180025095e-35 0.32350000000000007 25.500000000000004 1.0000000180025095e-35 1.5000000000000002 0.46550000000000008 11.755000000000001 0.032500000000000008 12.135000000000003 0.12850000000000003 0.059500000000000004 2.5000000000000004 9.5000000000000018 13.295000000000002 14.155000000000003 13.845000000000001 14.735000000000001 0.26250000000000007 13.500000000000002 0.25550000000000006 5.5000000000000009 9.0550000000000015 11.165000000000001 0.32150000000000006 12.105000000000002 1.5000000000000002 13.075000000000001 24.500000000000004 2.5000000000000004 0.26950000000000007 0.18150000000000002 0.052500000000000005 13.045000000000002 0.15150000000000002 11.385000000000003 11.935 12.345000000000001 15.500000000000002 12.475000000000003 0.21750000000000003 2.5000000000000004 3.5000000000000004 0.16950000000000004 0.16650000000000004 12.995000000000003 1.5000000000000002 0.13450000000000004 0.039500000000000007
decision_type=2 2 2 2 2 2 2 2 2 2 2 2 2 2 2 2 2 2 2 2 2 2 2 2 2 2 2 2 2 2 2 2 2 2 2 2 2 2 2 2 2 2 2 2 2 2 2 2 2 2 2 2 2 2 2 2 2 2 2 2 2 2
left_child=1 2 8 4 9 6 26 15 -1 -2 31 19 -13 -10 20 -3 17 27 -19 32 -15 -5 23 -22 -11 -20 -6 45 60 -24 59 -7 33 52 -35 -36 37 -37 -38 58 -41 42 -14 44 -44 -4 47 48 -47 -50 -51 -52 56 55 -55 -54 57 -9 -40 -31 61 -29
right_child=3 7 16 21 5 10 -8 11 13 24 -12 12 41 14 -16 -17 -18 18 25 -21 22 -23 29 -25 -26 -27 -28 28 -30 30 -32 -33 -34 34 35 36 38 -39 39 40 -42 -43 43 -45 -46 46 -48 -49 49 50 51 -53 53 54 -56 -57 -58 -59 -60 -61 -62 -63
leaf_value=-0.042838515106243834 -0.040014779981958785 -0.038874083392209255 -0.032436221534930761 0.00027399599840744008 -0.048229689180270388 -0.022434431277522038 0.031913199474002431 -0.014992778911431547 -0.03910456016468275 -0.025248779588928218 0.039399906833565639 -0.049228842511025619 0.0039094463465688565 -0.023626440978532507 -0.035532138543212008 0.0012582694439517914 0.00048137769269437588 -0.044718186760085321 -0.0044718842937261681 0.015276686020034503 0.03182732746279128 0.040612240900364388 -0.0208066721795509 -0.014828525550201352 0.005260145238660383 -0.030950451273712012 -0.0095220836796218681 0.026411681541977733 -0.0098365826914673417 0.032332058238245233 -0.018438963519342957 0.021300971048186432 -0.00048810095355239659 0.022544374766872956 -0.025909575266910914 0.026888671519230585 -0.023989104025986484 -0.0060761697660973203 0.028193479873567552 -0.032375978756388826 -0.001932606924534115 0.017252463731451458 0.005765676251972069 0.0036347079133688602 -0.033990723776371995 -0.017690459355159571 -0.039326856383148395 -0.032495792185479565 0.027089714572806158 -0.028133270467695072 0.034482503735009142 -0.0014031234618466825 0.011833313152465517 -0.033980039325479647 0.0081887383330323735 -0.021168896562290401 -0.020746861120460515 0.030526308735529639 -0.0011294260352136057 -0.0018173100111045376 0.024589870582027724 -0.0071811564046946304
leaf_weight=24.066078498959541 3.6118444451130918 5.7079779896885148 3.9815983311273184 1.4014598475769151 1.6663375608623008 1.1692036818712943 5.3518507784465328 1.0689771752804542 12.572909008711575 2.1449407357722512 30.187161693582311 12.313143037259577 23.977997431531549 14.657200769521294 9.4704045117832703 2.2785313632339239 19.72395395860076 4.0125738792121419 9.4731481671333295 6.6298717744648448 1.7973219696432381 50.299774207174778 8.1570525260176492 1.0032661054283378 8.0382607756182534 3.5803581029176721 4.1500189141370356 1.7652470767497996 23.527520608156919 1.7785438487771892 3.0207005962729454 0.85940958932042111 116.00060760974884 3.1749251782894126 3.091142237186431 6.9694331958889943 5.1363329179585007 5.0710335187613964 2.5113210678100577 3.0272128246724588 6.0763726159930229 4.7116365395486346 1.4049605540931214 8.1267230007797462 5.460864681750536 6.6665292866528132 1.778279835358261 2.2021036241203538 3.6806075479835263 2.704804524779318 0.93508408591151226 5.8523890571668744 7.6686843330971879 3.2614158261567345 2.0912152417004108 1.043207013979554 20.823036445770413 0.75764852482825507 3.4224512726068497 2.2141584791243076 2.8033380433917037 7.5906596388667822
leaf_count=1276 126 216 156 27 50 29 89 45 599 73 527 394 515 599 410 46 401 143 254 100 65 868 322 38 160 107 81 35 591 52 98 11 2270 56 85 130 120 100 42 75 121 72 35 156 145 194 57 62 86 82 17 155 192 94 56 32 651 29 68 67 49 198
internal_value=-0.00304418 -0.0108389 -0.0190977 0.0283257 0.0176761 0.0280458 0.00206048 -0.00514063 -0.0309498 -0.0146269 0.0367209 -0.0042946 -0.0110846 -0.0250409 -0.0200309 -0.0285585 -0.00957778 -0.0120165 -0.0228468 -0.00232657 -0.0146088 0.0395447 -0.00639631 0.0156096 -0.00284922 -0.0134201 -0.0260602 -0.0087961 -0.00371795 -0.0111729 0.00123011 -0.00299068 -0.00301329 -0.00685132 -0.000804054 -0.00346686 -0.000598105 0.0136037 -0.00931649 -0.00312142 -0.0142584 0.000528615 -0.00187438 -0.0107907 -0.0261566 -0.0149592 -0.0108486 -0.00694396 -0.00268456 0.00562199 -0.00449059 0.0073338 -0.0130001 -0.00399369 -0.0188095 0.00610868 -0.0181874 0.00800771 0.0135571 0.0168235 0.00796912 0.00109541
internal_weight=549.703 440.823 179.016 108.88 57.179 43.384 11.1682 261.807 78.7376 13.795 32.2158 253.82 55.9953 54.6716 42.0986 7.98651 100.278 80.5542 17.0661 197.825 32.6282 51.7012 17.971 2.80059 10.1832 13.0535 5.81636 63.4882 35.6868 15.1705 7.0134 2.02861 191.195 75.1944 38.4802 35.3053 32.2142 12.0405 20.1737 15.0374 9.10359 43.6822 38.9705 14.9925 6.86583 27.8014 23.8198 22.0415 19.8394 13.1729 9.49228 6.78747 36.7142 14.0645 5.35263 8.71189 22.6497 1.82663 5.93377 3.9927 12.1592 9.35591
internal_count=13999 11958 6113 2041 1146 787 220 5845 3526 359 567 5583 1317 2250 1651 262 2587 2186 504 4266 1241 895 642 103 233 361 131 1682 873 539 217 40 4166 1896 797 741 656 230 426 306 196 923 851 336 180 809 653 596 534 340 254 172 1099 374 150 224 725 74 110 119 282 233
is_linear=0
shrinkage=0.05


Tree=16
num_leaves=63
num_cat=0
split_feature=0 1 2 1 2 2 1 2 0 1 3 0 2 4 2 2 2 3 1 1 1 1 1 1 3 1 3 3 1 1 3 0 0 0 1 4 3 1 3 3 3 1 2 2 2 4 2 1 3 3 1 3 3 3 1 2 3 3 3 1 2 1
split_gain=46.3327 7.25176 5.32711 4.8778 6.93417 2.95233 2.63548 2.5331 2.45271 2.04745 1.23659 1.17833 1.19807 1.15579 1.27685 1.09087 1.08979 1.08872 1.05384 1.04875 0.999712 0.860595 0.846301 0.818735 0.900053 0.945944 0.858901 0.726433 0.722466 0.747647 0.789331 1.21993 1.46833 0.743629 0.714305 0.679821 1.7313 0.641423 0.639236 0.630792 1.007 0.681778 0.895972 0.741409 0.672978 0.618523 0.732569 0.655684 1.01782 0.949496 0.924846 0.664608 0.612137 0.807638 0.611354 0.607584 0.605729 1.05625 0.750434 0.921387 0.602682 0.577856
threshold=2.5000000000000004 0.13050000000000003 12.500000000000002 0.17450000000000002 14.500000000000002 9.5000000000000018 0.21550000000000002 9.5000000000000018 3.5000000000000004 0.11450000000000002 12.315000000000003 3.5000000000000004 20.500000000000004 3.5000000000000004 26.500000000000004 4.5000000000000009 15.500000000000002 10.525 0.058500000000000003 0.13250000000000003 0.37750000000000006 0.11950000000000001 0.36950000000000005 0.17150000000000001 13.125000000000002 0.14850000000000002 14.465000000000002 14.435 0.25350000000000006 0.24950000000000003 16.285000000000004 1.0000000180025095e-35 1.5000000000000002 1.5000000000000002 0.12550000000000003 1.5000000000000002 16.955000000000002 0.14250000000000002 17.625000000000004 16.955000000000002 12.715000000000002 0.092500000000000013 22.500000000000004 17.500000000000004 15.500000000000002 1.5000000000000002 16.500000000000004 0.17850000000000002 13.345000000000001 14.245000000000003 0.19150000000000003 15.315000000000003 12.525 14.765000000000002 0.21050000000000002 2.5000000000000004 14.805000000000001 13.915000000000001 12.655000000000003 0.18950000000000003 9.5000000000000018 0.12050000000000001
decision_type=2 2 2 2 2 2 2 2 2 2 2 2 2 2 2 2 2 2 2 2 2 2 2 2 2 2 2 2 2 2 2 2 2 2 2 2 2 2 2 2 2 2 2 2 2 2 2 2 2 2 2 2 2 2 2 2 2 2 2 2 2 2
left_child=1 2 21 4 7 6 -3 -2 10 17 -9 12 -6 14 39 -5 20 -10 -15 -18 22 -1 23 24 25 37 -26 -22 29 30 31 45 -33 35 -20 -32 -37 -7 -30 40 41 -4 43 61 -42 -21 54 48 -48 -50 -49 -51 -16 -54 -47 -8 57 58 59 -34 -23 -43
right_child=3 5 13 15 11 16 55 8 9 -11 -12 -13 -14 18 52 -17 19 -19 34 28 27 60 -24 -25 26 -27 -28 -29 38 -31 33 32 56 -35 -36 36 -38 -39 -40 -41 44 42 -44 -45 -46 46 47 50 49 51 -52 -53 53 -55 -56 -57 -58 -59 -60 -61 -62 -63
leaf_value=-0.037820695526358333 -0.027771407981340403 -0.034178582796791916 -0.030509597535649743 0.0045452762327765671 -0.00093444508956269223 -0.017546020054715353 -0.02594864758592107 0.0010085623065642234 -0.027196908585252262 0.03731049345201664 -0.043550869264237367 0.040308974958353186 0.035895838145946095 -0.024299989823406701 0.022492423227290882 0.039345513362547893 0.027832133048730192 0.0098729392545465061 0.015812099721542374 -0.0095241807775619212 0.010262585975736278 -0.028107755100170648 -0.03709668537444407 -0.005591686735410939 0.010067068444005171 -0.032860750519015373 -0.018568931652311268 -0.020241969673926493 0.0041703191673675873 -0.030275443581062697 0.014292322286903789 -0.044041745648538577 0.023111068936370875 0.026380089046608348 -0.019260520606900738 0.016425540664861404 -0.031264872670825915 0.010614431613272145 -0.017402294483011099 -0.037677311006561839 -0.021302554910292627 0.0016711581336730454 0.019783953141229077 -0.036360977631519395 -0.0060594994520528096 0.024548851892647564 -0.024675744450067753 0.023120286001844709 0.021943270219606417 -0.02659714401998528 -0.0016957478551298728 0.0085266349056211388 -0.021938638385929694 0.00698662390287516 -0.0099925924791418805 -0.0048500116659022791 -0.026362981444761353 0.023015035586185204 -0.028384097245373469 -0.018263300907669793 0.0036092107621772535 -0.024856658228774236
leaf_weight=34.871448735473678 6.424397079274061 14.977541621541603 14.591987911611797 2.6491261152550569 5.1394211030565229 4.1837921286933151 3.1474007572978762 3.1389445383101711 1.6757424864917974 5.798254633322359 2.0057145860046148 18.088287216611207 2.8075767606496811 1.8356643188744772 1.6886234469711769 49.672246184723917 2.123442104086279 6.6256195176392794 7.5292877387255412 18.113502621650696 11.295334491878746 1.7822238784283388 1.6472108755260695 86.389788983389735 5.0365936141461116 8.8081367686390859 3.6486101821064949 1.3665127493441094 53.85608115978539 1.7228130102157582 3.975533986464141 3.1226260662078831 1.80783064290881 2.7968508787453166 0.86897934414446343 2.6783810332417488 3.1123916190117598 2.4681885670870543 2.6829760596156111 3.1814806833863249 9.3358394298702461 5.6985950320959073 1.0498798862099636 2.6006636954843998 28.891656208783388 4.246954880654811 5.3402932006865758 3.846521399915221 2.6622645258903503 2.0309693105518822 16.149160463362932 1.7524047195911405 2.9665857404470426 5.3150233142077923 1.0840042531490324 23.933532759547234 2.1097383871674547 2.2746718302369118 2.3713580314069986 1.610697418451309 2.817841571290046 2.1118969228118658
leaf_count=1795 222 715 589 45 97 157 102 63 43 100 55 336 38 62 30 922 37 120 178 396 183 99 45 2031 131 328 91 29 969 42 68 110 37 42 25 45 71 84 53 98 347 191 17 85 790 80 139 63 47 48 317 32 73 109 24 594 48 40 59 36 105 72
internal_value=-0.00283909 -0.0100079 -0.0200149 0.0269833 0.0156272 -0.00583082 -0.0179904 -0.00287796 0.00639363 0.0169648 -0.0206239 0.0333035 0.014635 -0.0128973 -0.0149621 0.0377018 -0.00385038 0.000270429 0.00266708 -0.000833105 -0.00723572 -0.0351137 -0.00873681 -0.00798538 -0.0159868 -0.0228701 -0.00263793 0.00572976 -0.00146511 -0.00441839 -0.00350688 -0.00562383 -0.0186518 0.00760289 0.0105199 0.00027474 -0.0100363 -0.00707556 0.00286197 -0.0173978 -0.0158323 -0.0233701 -0.0125612 -0.0172709 -0.0102303 -0.00221111 0.00151443 -0.00153328 -0.0104205 0.00311802 0.00395187 -0.0119469 0.00160187 -0.00462213 0.0170562 -0.00813888 -0.00761535 -0.000343563 -0.0115585 0.00389542 -0.0115039 -0.00750888
internal_weight=539.537 435.512 127.138 104.025 51.704 308.374 42.0585 25.6687 19.2443 14.0996 5.14466 26.0353 7.947 87.6662 77.4322 52.3214 266.316 8.30136 10.2339 141.471 124.844 39.4715 112.182 110.535 24.1453 15.4601 8.6852 12.6618 139.348 82.809 81.0862 68.523 13.2969 12.5632 8.39827 9.76631 5.79077 6.65198 56.5391 67.462 64.2805 26.053 11.461 10.4112 38.2275 55.2261 37.1126 31.7816 11.7859 6.44564 19.9957 3.78337 9.97023 8.28161 5.33096 27.0809 10.1743 8.06456 5.78989 3.41853 4.60007 7.81049
internal_count=13999 11958 4665 2041 1074 7293 1411 603 381 263 118 471 135 2666 2401 967 5882 163 265 2803 3079 1999 2867 2822 791 569 222 212 2766 1744 1702 1476 330 226 203 184 116 241 1022 2189 2091 954 365 348 1137 1146 750 646 266 127 380 80 212 182 104 696 220 172 132 73 204 263
is_linear=0
shrinkage=0.05


Tree=17
num_leaves=63
num_cat=0
split_feature=0 1 2 0 2 1 2 1 0 2 3 1 0 0 1 1 1 1 2 1 2 0 0 3 1 3 3 1 1 3 1 1 1 3 0 3 1 3 3 1 1 2 3 3 3 3 3 3 2 1 2 2 1 4 3 1 2 3 4 4 1 3
split_gain=40.1755 7.82707 9.75616 5.05674 3.6519 2.70747 3.98177 2.60772 2.45252 1.48679 1.19561 1.14685 1.13473 4.99108 1.21445 1.05475 1.15406 1.02286 0.906168 0.895572 0.8782 0.91744 5.02872 1.22318 0.851605 1.08157 0.833817 0.792838 0.932171 1.01166 0.788796 0.728969 0.944994 0.710963 0.733155 0.616436 0.980773 0.8982 0.775112 0.616281 0.581857 0.928867 0.579639 0.565849 2.07773 1.34981 1.19712 0.808078 0.582901 0.564592 0.542064 0.82351 1.0933 0.9876 0.616157 1.08172 0.532711 0.527529 0.524752 0.519713 0.509437 0.504301
threshold=3.5000000000000004 0.23450000000000001 14.500000000000002 2.5000000000000004 9.5000000000000018 0.11350000000000002 14.500000000000002 0.090500000000000011 2.5000000000000004 3.5000000000000004 10.065000000000003 0.054500000000000007 1.0000000180025095e-35 1.5000000000000002 0.092500000000000013 0.21350000000000002 0.17150000000000001 0.045500000000000006 12.500000000000002 0.027500000000000004 20.500000000000004 1.0000000180025095e-35 1.5000000000000002 16.695000000000004 0.21550000000000002 11.015000000000002 17.625000000000004 0.15050000000000002 0.14250000000000002 13.545000000000002 0.032500000000000008 0.039500000000000007 0.05050000000000001 12.135000000000003 1.0000000180025095e-35 14.555000000000001 0.056500000000000009 13.075000000000001 14.845000000000001 0.22750000000000004 0.25350000000000006 14.500000000000002 13.045000000000002 13.915000000000001 12.925000000000002 12.025 11.275 14.805000000000001 19.500000000000004 0.45850000000000007 17.500000000000004 18.500000000000004 0.20850000000000002 3.5000000000000004 9.8650000000000002 0.14650000000000002 21.500000000000004 15.415000000000001 1.5000000000000002 2.5000000000000004 0.19150000000000003 15.635000000000003
decision_type=2 2 2 2 2 2 2 2 2 2 2 2 2 2 2 2 2 2 2 2 2 2 2 2 2 2 2 2 2 2 2 2 2 2 2 2 2 2 2 2 2 2 2 2 2 2 2 2 2 2 2 2 2 2 2 2 2 2 2 2 2 2
left_child=1 2 4 20 24 6 10 -6 12 -7 -2 -10 30 -14 19 16 27 -12 60 -15 21 23 -23 49 -1 -26 56 28 -9 -30 -4 58 59 -20 -35 37 -37 42 -38 -27 41 -24 50 44 45 46 -16 -45 -49 57 -34 52 -52 54 -53 -56 -22 -3 -32 -33 -18 -59
right_child=5 3 8 -5 7 9 -8 15 11 -11 17 -13 13 14 43 -17 18 -19 33 -21 26 22 40 -25 25 39 -28 -29 29 -31 31 32 35 34 -36 36 38 -39 -40 -41 -42 -43 -44 47 -46 -47 -48 48 -50 -51 51 53 -54 -55 55 -57 -58 61 -60 -61 -62 -63
leaf_value=-0.039159446961299499 -0.035449366405021082 -0.0021251864779115652 -0.022249435649000296 0.035064166309907684 -0.032982235410790262 -0.0028182482475218682 0.036631917870868246 -0.014236554618128422 -0.022689293926998977 0.039394448079214994 -0.028933862365809422 0.023975868314681344 -0.049006955108412957 0.013723772601003823 0.011567495047567527 -0.028926717379930925 0.01352475657780746 0.010136450962459012 -0.025276505034898207 -0.027595933530563083 0.026672438298236151 -0.04889132909417343 0.034201476337124635 0.025599044901637766 -0.031387785573665034 0.027962027356062947 -0.017827101780730305 -0.027151412865442051 -0.008112012223601011 0.034098262639389594 0.033700608433134653 -0.034879889834722934 0.0036657557472137914 0.011813951607470737 -0.025259526494687719 0.035262953165775303 0.016925881355296973 -0.012405234299627992 -0.0026087322010799087 -0.013234841010740196 -0.0033529274824288125 -0.0090665963731951654 0.026457385980593454 0.028142446484559526 -0.034700989397122253 0.034495657967395253 -0.037144805584422923 -0.017276901909416654 0.0096029137356753256 0.011417043355720679 -0.030079987007604114 0.017098801725464675 0.018443397321089527 0.018155277535665527 0.0027710928788847351 -0.025438715806300291 0.0059236247360569027 -0.037795403427508985 -0.0041583424044809971 0.0027950086490784189 -0.0038967722605662198 -0.0054222548952201702
leaf_weight=32.657196196727455 1.7803782783448721 84.051838503219187 4.7487452905625096 9.0571906398981792 20.658744547516108 2.0395118482410899 9.3041659183800203 25.626508808170914 0.71865073405206104 50.647806331980973 1.1175207793712596 8.7972272939514351 7.0040039755403987 0.98630537837744015 2.4115220140665792 8.2139676604419929 8.2273326760623622 7.0882451944053173 4.5785188721492869 5.6080942768603563 2.8027732130140128 5.7573862913996008 1.8569810446351795 3.1543716080486766 1.7778596077114337 1.1901392359286544 2.2882463037967673 10.14112676354125 2.8473709826357654 1.3567659035325048 1.2786544673144811 2.6364720445126291 20.249380061402917 3.5898049827665091 0.881516808643937 1.1072930060327042 4.9410203620791426 28.399773065000772 33.964800419285893 0.77196692489087571 18.88643148727715 1.5996850505471227 0.83697607554495235 3.1667253524065 2.8577025681734085 2.3170968629419804 1.0613536108285186 2.1070274244993925 4.7487528007477522 6.1832238342612973 5.0269988551735905 1.2733043562620903 0.72643287107348431 3.8516249209642401 6.3947240766137821 5.848966296762228 22.820048088207841 1.070189096033572 1.2022547330707309 1.036492947489023 7.0474050249904385 3.8968142569065094
leaf_count=1765 66 1794 154 166 1045 42 179 966 16 1004 42 150 257 26 52 242 201 142 133 179 41 193 40 46 62 30 46 359 111 28 32 94 485 81 25 23 95 676 712 24 384 34 15 57 79 44 31 51 84 97 154 28 13 68 165 140 383 27 35 32 181 73
internal_value=-0.0025991 -0.00806996 -0.012921 0.00070827 -0.023142 0.0318685 0.0147665 -0.0175659 -0.0048189 0.0377383 -0.00708571 0.0186292 -0.00636079 -0.0145816 -0.00353543 -0.0127848 -0.0103112 0.00225055 -0.00161382 -0.0204225 -0.00152019 -0.00329602 -0.0110965 -0.000978168 -0.0365642 -0.0104224 0.00636124 -0.0154354 -0.010701 0.00944474 -0.0041134 -0.0032086 -0.00385308 -0.0133642 0.00122411 -0.0029114 0.00203965 -0.00563048 0.000234131 0.0127575 0.000319791 0.0166364 -0.0011002 0.0031642 -0.00586115 0.0113873 -0.00829574 0.0107768 0.000194121 -0.00211571 -0.00221629 -0.00730596 -0.0221296 -0.00145814 -0.00791256 -0.0116084 0.00910986 -0.00317207 0.0194301 -0.0259252 0.00574132 -0.0175625
internal_weight=530.277 458.3 294.875 163.425 129.566 71.9776 19.2903 93.1691 165.308 52.6873 9.98614 9.51588 155.792 32.2686 25.2646 72.5103 64.2964 8.20577 24.3246 6.5944 154.368 126.457 28.1005 98.3564 36.3972 3.73997 27.9111 39.9718 29.8306 4.20414 123.524 118.775 116.294 9.04984 4.47132 112.621 40.0131 72.6082 38.9058 1.96211 22.3431 3.45667 44.2084 18.6702 8.64768 5.78997 3.47288 10.0225 6.85578 95.2021 43.3714 23.1221 5.75343 17.3686 13.517 12.2437 25.6228 89.0188 2.48091 3.67296 15.2747 4.967
internal_count=13999 12524 9200 3324 5253 1475 429 3372 3947 1046 250 166 3781 860 603 2327 2085 184 621 205 3158 2688 651 2037 1881 116 470 1464 1105 139 2921 2767 2700 239 106 2574 830 1744 807 54 458 74 1068 398 206 127 83 192 135 1991 1053 568 167 401 333 305 424 1894 67 126 382 100
is_linear=0
shrinkage=0.05


Tree=18
num_leaves=63
num_cat=0
split_feature=0 2 1 0 1 1 2 1 2 2 1 2 2 1 0 0 3 0 2 2 1 1 1 4 3 3 1 1 1 3 1 0 3 3 0 2 1 3 1 3 3 3 3 1 1 1 1 3 3 3 1 3 2 1 3 3 3 3 3 4 1 1
split_gain=34.7152 6.7669 6.19147 3.96538 2.95449 2.55359 3.6454 1.90865 1.78051 1.4926 2.09244 1.40812 1.25525 1.25264 1.1125 7.403 1.01985 1.01871 1.01247 0.945186 0.921305 0.90629 0.880999 1.15896 0.936045 0.95606 0.862234 0.860716 1.1417 0.845266 0.837491 0.824651 0.758059 0.743851 0.716351 0.801333 0.709137 0.671903 0.799644 1.06945 1.36088 1.1971 1.11427 0.936776 0.886955 0.716703 0.674849 2.29523 0.978802 1.22349 1.38117 1.3993 0.962148 0.991848 0.958371 0.829624 0.776467 1.05635 0.662151 0.636669 0.626103 0.5729
threshold=3.5000000000000004 10.500000000000002 0.16650000000000004 2.5000000000000004 0.13050000000000003 0.11350000000000002 14.500000000000002 0.15550000000000003 20.500000000000004 7.5000000000000009 0.21550000000000002 15.500000000000002 4.5000000000000009 0.39450000000000007 1.0000000180025095e-35 1.5000000000000002 10.065000000000003 1.0000000180025095e-35 19.500000000000004 4.5000000000000009 0.38450000000000006 0.045500000000000006 0.066500000000000017 1.5000000000000002 11.165000000000001 9.3650000000000002 0.081500000000000017 0.16950000000000004 0.18550000000000003 10.185 0.42750000000000005 1.5000000000000002 10.815000000000003 11.195000000000002 1.5000000000000002 7.5000000000000009 0.10750000000000001 13.785000000000002 0.19650000000000004 13.545000000000002 13.045000000000002 13.245000000000003 12.895000000000001 0.28550000000000003 0.28350000000000003 0.25750000000000006 0.18550000000000003 12.605000000000002 11.935 11.715000000000002 0.17250000000000001 10.845000000000001 11.500000000000002 0.13950000000000004 13.545000000000002 13.075000000000001 12.765000000000002 12.395000000000001 13.295000000000002 5.5000000000000009 0.092500000000000013 0.054500000000000007
decision_type=2 2 2 2 2 2 2 2 2 2 2 2 2 2 2 2 2 2 2 2 2 2 2 2 2 2 2 2 2 2 2 2 2 2 2 2 2 2 2 2 2 2 2 2 2 2 2 2 2 2 2 2 2 2 2 2 2 2 2 2 2 2
left_child=1 2 -1 4 11 6 16 8 32 10 19 22 13 -4 20 30 -2 -13 -17 -7 37 -18 -3 24 25 -24 -26 -14 -29 -30 -16 -19 -5 -31 -35 -36 61 38 46 40 42 44 -40 45 -42 -41 48 -48 49 50 52 -52 -6 -54 56 -49 57 -50 -37 -39 -28 -33
right_child=5 3 12 7 14 9 -8 -9 -10 -11 -12 17 27 -15 15 18 21 31 -20 -21 -22 -23 23 -25 26 -27 60 28 29 33 -32 36 -34 34 35 58 -38 59 39 43 41 -43 -44 -45 -46 -47 47 55 54 -51 51 -53 53 -55 -56 -57 -58 -59 -60 -61 -62 -63
leaf_value=-0.036901342812282377 -0.033409229301822732 -0.032063466517833226 -0.034603520291873184 0.013128225887164377 0.017765959340622691 -0.041104913647044716 0.035422672301151918 0.029361394540540705 0.032122877069915366 0.040029490397021056 0.034685637663132166 -0.0047762503157594968 0.027362393468181718 0.012032455912248908 -0.046842487300891494 -0.0039437013105024744 -0.027911535335415596 -0.040255147470357695 0.012899653431977584 0.0044206431282668834 0.0094875924785105901 0.0091050207019848662 0.012048168413987363 -0.023919674735475547 0.030504803690757771 -0.034242173921975309 -0.026121071379085509 -0.028707219850369156 -0.015034670275702103 0.012495394410942435 0.0047710990119425346 0.00054026413337031429 -0.018793262032236198 -0.0092319933733720945 -0.014427498664007027 0.034212642114675201 0.0080948325739721699 0.0029286083948815659 -0.00070230917093482708 -0.016809299819746694 0.04588986404355469 0.0012818772961524193 -0.029480837072170692 -0.044270737520613015 -0.0015260441120480458 0.020137408663405541 -0.045894480502531365 0.028859679515793043 -0.025317183599533832 0.027918671955372332 0.033993296357567697 -0.013980516393020585 0.010545710351813096 -0.029076991692777488 0.008920306480416541 -0.015622593062628724 -0.033799970648219137 0.0085762962883554929 -0.0056034028030139613 -0.018675450980773993 0.0055037582798981395 -0.028055744251697119
leaf_weight=32.324971103109419 1.7425323594361568 11.466045159846542 6.6028043478727332 1.701550647616388 1.0932303380686841 0.84530555643141214 8.8074227981269342 11.199791083578019 2.1954815424978724 42.566684138029814 3.8252392373979092 50.138586011365987 0.91220524162053962 1.2460799627006052 10.39207815006375 31.127209092490375 1.083479069173334 2.9411424547433827 11.356253901496528 2.5472774310037494 18.114043049514294 7.0559583064168692 1.0343956197612016 13.424596863798795 1.7293742373585681 2.4742746986448765 1.0937603469938038 4.45198647561483 11.624605822376905 8.0576067417860049 0.6561206169426449 2.5245038978755474 6.3148287545191124 16.936689613386992 1.3988060895353545 2.2493561077862982 2.8133502285927534 64.418277380988002 50.43770470097661 2.5454720389097925 2.9168536104261857 6.1047032736241817 2.6082850992679587 1.5687960051000116 1.2343257181346414 1.1050678603351114 3.5267898477613917 1.3816244266927244 3.5036346502602083 2.5612611025571814 2.7191738989204159 1.8381202574819324 1.4425510200671849 6.5520326094701886 2.7429912798106661 1.0252778641879556 5.4832490887492895 3.9363185558468103 1.1725944280624387 2.6056156232953063 5.3003233607742004 4.4573887810111046
leaf_count=1836 66 581 247 30 46 28 179 217 31 901 64 1349 37 21 375 707 42 114 190 53 286 142 49 559 74 115 50 164 345 191 12 74 140 435 37 46 64 1222 1083 61 46 129 63 41 24 19 101 25 104 66 54 49 45 217 54 26 165 99 26 55 195 133
internal_value=-0.00237436 -0.00740914 -0.0198666 -0.00440106 -0.00571284 0.0305456 0.0137625 0.0160117 5.75404e-05 0.0364511 0.0130444 -0.0129404 -0.00930916 -0.0266766 -0.00273985 -0.00904136 -0.00702348 -0.00819164 0.000751809 -0.0136981 -0.000940188 0.00166275 -0.0206794 -0.0144394 -0.0024709 -0.0209499 0.00693194 -0.00589957 -0.00713016 -0.00419027 -0.0436357 -0.0203103 -0.0113131 0.000388555 -0.00444712 0.0110615 -0.0111474 -0.00207799 -0.0045333 -0.00126562 0.000667805 0.0164751 -0.00263665 -0.0210519 0.0342318 -0.00369985 -0.0102705 -0.0246134 -0.00693279 0.00171626 -0.00477259 0.0156099 -0.015528 -0.0215499 -0.0154462 0.0108876 -0.0208873 -0.00849341 0.0223872 0.00182653 -0.002707 -0.0189437
internal_weight=521.258 452.784 86.9777 365.806 344.395 68.4739 18.6894 21.4117 10.2119 49.7845 7.21782 99.3977 54.6527 7.84888 244.997 53.5317 9.88197 62.875 42.4835 3.39258 191.465 8.13944 36.5228 25.0567 11.6321 3.50867 8.12346 46.8039 45.8916 41.4397 11.0482 12.7364 8.01638 29.8151 21.7574 4.82076 9.79524 173.351 106.327 68.5212 63.3019 10.2559 53.046 5.21934 4.15118 3.65054 37.8063 5.93369 31.8726 16.2064 13.6451 4.55729 9.08781 7.99458 15.6662 2.4069 12.9232 7.43995 3.42195 67.0239 6.39408 6.98189
internal_count=13999 12524 3385 9139 8721 1475 429 418 201 1046 145 3357 1549 268 5364 1284 250 1734 897 81 4080 184 1623 1042 483 164 319 1281 1244 1080 387 385 170 735 544 109 271 3794 2517 1466 1345 199 1146 121 70 80 1051 152 899 477 411 103 308 262 422 51 368 203 72 1277 245 207
is_linear=0
shrinkage=0.05


Tree=19
num_leaves=63
num_cat=0
split_feature=0 2 1 1 0 1 2 3 2 1 0 0 1 2 3 1 4 2 2 4 3 2 1 0 1 3 3 2 1 1 3 1 4 1 1 3 1 1 2 1 1 2 4 3 3 3 3 3 1 1 1 3 0 0 1 3 4 1 1 4 3 3
split_gain=30.1806 5.89235 5.77895 3.96685 3.90767 2.43593 3.33816 2.36853 1.44816 1.88404 1.42672 8.66971 1.37305 1.22647 2.02839 1.21768 1.31957 1.20982 0.972732 1.57253 0.87209 0.839941 0.805755 0.793246 0.787986 0.986824 1.3895 0.944575 0.836077 0.757785 0.898212 0.744939 0.716577 1.42784 0.745211 0.703135 0.781462 0.682456 1.23853 1.05489 0.863246 0.712661 0.677294 0.648004 0.644202 0.642887 1.00795 0.993188 0.911916 0.596338 0.831499 0.560475 0.512901 0.948289 0.610408 0.49975 0.498132 0.490081 0.483907 0.482957 0.467502 0.872626
threshold=3.5000000000000004 9.5000000000000018 0.21550000000000002 0.083500000000000019 2.5000000000000004 0.11350000000000002 14.500000000000002 11.415000000000001 7.5000000000000009 0.21550000000000002 1.0000000180025095e-35 1.5000000000000002 0.21950000000000003 16.500000000000004 11.685 0.070500000000000021 1.5000000000000002 20.500000000000004 24.500000000000004 1.5000000000000002 10.065000000000003 4.5000000000000009 0.045500000000000006 2.5000000000000004 0.085500000000000007 17.380000000000006 16.695000000000004 22.500000000000004 0.38450000000000006 0.065500000000000017 13.645000000000001 0.42750000000000005 2.5000000000000004 0.25150000000000006 0.35950000000000004 10.185 0.33150000000000007 0.17950000000000002 15.500000000000002 0.21350000000000002 0.23450000000000001 11.500000000000002 3.5000000000000004 13.785000000000002 13.515000000000002 12.165000000000001 11.415000000000001 13.265000000000002 0.33550000000000008 0.18850000000000003 0.22850000000000004 13.075000000000001 1.0000000180025095e-35 2.5000000000000004 0.23850000000000002 11.585000000000003 1.0000000180025095e-35 0.16550000000000004 0.23950000000000002 2.5000000000000004 13.975000000000003 14.185
decision_type=2 2 2 2 2 2 2 2 2 2 2 2 2 2 2 2 2 2 2 2 2 2 2 2 2 2 2 2 2 2 2 2 2 2 2 2 2 2 2 2 2 2 2 2 2 2 2 2 2 2 2 2 2 2 2 2 2 2 2 2 2 2
left_child=1 2 -1 7 10 6 20 -3 9 21 24 31 17 14 -9 -16 44 59 32 -20 -2 -7 -22 29 43 26 28 58 60 56 42 -12 37 -34 51 36 -4 38 -13 41 -41 -39 -31 -5 -17 46 48 -47 -42 -27 -51 55 54 -54 -37 -35 -15 -23 -28 -6 -26 -62
right_child=5 3 35 4 12 8 -8 13 -10 -11 11 18 -14 23 15 16 -18 -19 19 -21 22 57 -24 -25 25 49 27 -29 -30 30 -32 -33 33 34 -36 52 -38 39 -40 40 45 -43 -44 -45 -46 47 -48 -49 -50 50 -52 -53 53 -55 -56 -57 -58 -59 -60 -61 61 -63
leaf_value=-0.036732793767465105 -0.03152927092978236 -0.038640633219322332 -0.023476786345535544 -0.0055442071591790733 -0.0083836918393787613 -0.038951756682938023 0.034263991431950087 0.029386614826204895 0.039031463040795224 0.033281617581317584 -0.046079918972001199 -0.022965573152857438 0.034040312038529613 0.015466140449229674 -0.033212744978421548 -0.0054060806641973618 -0.023861981066109556 0.033064820214750136 -0.019086616324605253 0.026350987186083974 -0.026953598112517758 -0.014531981162393653 0.0081766405811194483 0.022538337438334818 -0.0049811184450703015 -0.032340168611486468 0.0074901542054478971 -0.0040018158093012611 0.0075096286721384464 -0.011980027828321107 -0.031467379677961933 0.0030016392809487031 -0.025298614896373934 3.4060713486418007e-05 -0.017583143422644842 0.024973393334943195 0.0028617037665813268 0.044893491703613654 0.0073610037056817323 -0.027363107757003916 -0.018946704256559879 0.0078859631047469968 0.026675709128264807 0.039857930048884424 0.038448651145426782 -0.028682909620867926 0.039118767358550494 0.0075803677711212608 0.023308041415187119 0.016587936168218052 -0.018606659557974133 -0.0064911020187235179 -0.023956317254710424 0.018333004068561167 0.00037784884222522822 0.03331747993823455 -0.0047705305442340236 0.018580016164947491 0.042105313052296783 0.013198218705936612 0.014727855224427242 -0.0021277663292302569
leaf_weight=29.451296932063997 1.7050981484353567 9.6753932572901231 6.9773028772324341 0.9370490089058866 7.0596021544770355 0.83714453130960409 8.3419910166412574 1.0127804707735801 39.935517523437738 3.6508376691490412 13.526371309533712 5.7224205043166894 7.4811103064566842 2.9358839653432431 12.481238689273598 1.061517653986811 2.3240091577172279 2.3493264913558951 1.8240638822317112 5.8059511259198189 1.0504001118242721 1.1116671301424506 7.0261394027620554 1.5847583878785361 149.07741322810762 3.2766799591481668 2.1697434466332188 2.8667773604393005 18.019927373155951 2.1767880450934167 4.2429431043565273 0.69175777211785394 8.2330947890877741 1.7662161923944935 2.1716606318950653 2.3341156211681691 4.0468382649123669 1.4783214516937757 6.012949600815773 1.6036989726126183 2.0851556435227381 3.9206071496009827 0.76836240664124478 1.0114912744611499 1.020387615310028 1.9513952285051344 1.6715684384107588 4.4249637685716152 1.1826434358954427 1.7900519035756586 3.3539412133395672 2.2792401574552059 3.238865338265895 1.0745475850999353 10.494590725749729 2.1302734203636646 12.375045741559004 1.4273704001680014 2.4372714012861252 2.8316284958273172 7.8364003580063573 57.601391278905794
leaf_count=1765 66 487 234 35 145 28 179 46 901 64 530 242 151 81 608 43 99 37 38 85 42 29 142 22 3857 85 46 54 290 70 124 13 242 35 45 64 86 24 139 43 48 76 13 18 35 46 25 79 16 28 67 44 92 19 233 35 356 24 29 51 155 1194
internal_value=-0.00218748 -0.00682803 -0.0216199 -0.00459439 -0.00260051 0.0293644 0.01282 -0.0173651 0.0353487 0.0121641 -0.00395651 -0.0102998 0.0184563 -0.0116771 -0.0212372 -0.0257464 -0.00236426 0.00708024 -0.000929275 0.0145355 -0.00694965 -0.0130584 0.00114154 -0.00400834 -0.00218746 -0.00248292 -0.00185169 0.0180551 -0.00256608 -0.00675775 -0.0190359 -0.0436516 -0.00371156 -0.0117318 0.00292417 -0.00509995 -0.0143743 0.000948477 -0.00806901 0.00684404 -0.00128228 0.0234515 0.00231026 0.0235488 0.0215894 0.00433565 0.0163196 -0.00590147 -0.00177618 -0.0183681 -0.00565285 0.0115809 0.00132799 -0.0119537 0.00633518 0.0213188 -0.000179826 0.00407282 0.0300462 -0.00156076 -0.00344339 8.20491e-05
internal_weight=512.945 447.859 57.6176 390.241 338.582 65.0862 18.1236 51.6591 46.9625 7.02702 318.86 68.4824 19.7217 41.9837 17.8999 16.8872 4.40591 12.2406 54.2642 7.63002 9.78164 3.37618 8.07654 24.0838 250.378 248.43 240.009 7.47379 232.535 22.499 7.18809 14.2181 46.6342 16.5805 8.34739 28.1663 11.0241 30.0537 11.7354 18.3184 12.9194 5.39893 2.94515 1.94854 2.08191 11.3157 4.93937 6.37636 3.2678 8.42067 5.14399 6.17573 17.1421 4.31341 12.8287 3.89649 15.3109 2.53904 4.60701 9.89123 214.515 65.4378
internal_count=13999 12524 2493 10031 8047 1475 429 1984 1046 145 7663 1805 384 1497 831 785 177 233 1262 123 250 81 184 666 5858 5805 5625 129 5496 644 207 543 1139 401 159 728 320 738 381 357 257 100 83 53 78 214 89 125 64 180 95 114 408 111 297 70 437 53 75 196 5206 1349
is_linear=0
shrinkage=0.05


Tree=20
num_leaves=63
num_cat=0
split_feature=0 2 1 0 2 1 1 1 2 2 1 2 1 1 2 4 0 2 0 0 1 4 3 3 0 1 1 1 3 3 2 1 2 0 1 1 1 2 3 4 3 1 1 2 2 1 1 1 2 2 1 1 3 3 1 3 3 4 1 2 3 4
split_gain=26.1545 5.17728 5.48755 2.96529 2.37616 3.29536 2.16435 1.52635 1.14004 1.07162 1.13412 1.06589 1.08567 1.05689 1.20551 0.986704 0.928343 0.801356 0.794643 5.5729 0.729896 0.904279 0.764776 0.889688 0.70214 0.696132 0.906452 0.684766 0.663206 0.669871 0.637698 1.00442 0.809832 0.809167 0.716386 1.8606 0.834586 0.787709 0.740318 0.705939 0.6625 0.649943 0.625332 0.616573 0.644404 0.615802 0.589544 0.589112 1.03884 1.72541 0.909921 0.856267 0.883687 1.00632 0.836666 0.73464 0.911341 0.84911 0.780824 0.721745 0.669252 0.649491
threshold=3.5000000000000004 10.500000000000002 0.16650000000000004 2.5000000000000004 10.500000000000002 0.14550000000000002 0.13050000000000003 0.054500000000000007 15.500000000000002 4.5000000000000009 0.32350000000000007 14.500000000000002 0.23850000000000002 0.091500000000000012 14.500000000000002 3.5000000000000004 1.0000000180025095e-35 9.5000000000000018 1.0000000180025095e-35 1.5000000000000002 0.066500000000000017 1.5000000000000002 11.165000000000001 9.3650000000000002 1.5000000000000002 0.14750000000000002 0.15750000000000003 0.42750000000000005 12.345000000000001 11.615 5.5000000000000009 0.22350000000000003 7.5000000000000009 1.5000000000000002 0.30350000000000005 0.33350000000000007 0.20550000000000002 9.5000000000000018 12.455000000000002 1.5000000000000002 11.645000000000001 0.30150000000000005 0.081500000000000017 25.500000000000004 17.500000000000004 0.42750000000000005 0.092500000000000013 0.26050000000000006 28.500000000000004 24.500000000000004 0.24650000000000002 0.24150000000000002 15.455000000000002 15.035000000000002 0.16850000000000004 9.1150000000000002 13.645000000000001 1.0000000180025095e-35 0.22350000000000003 14.500000000000002 16.795000000000005 2.5000000000000004
decision_type=2 2 2 2 2 2 2 2 2 2 2 2 2 2 2 2 2 2 2 2 2 2 2 2 2 2 2 2 2 2 2 2 2 2 2 2 2 2 2 2 2 2 2 2 2 2 2 2 2 2 2 2 2 2 2 2 2 2 2 2 2 2
left_child=1 2 -1 6 5 17 8 -5 20 10 -4 12 28 14 -6 30 -10 -2 47 27 -3 22 23 -22 -18 -21 -27 -20 29 -9 31 -11 -32 34 36 -36 37 -34 -38 -35 -37 -41 -24 44 -26 -17 -44 48 49 50 51 52 53 55 60 -8 -57 -58 -59 -53 -54 -52
right_child=4 3 9 7 13 -7 18 11 16 15 -12 -13 -14 -15 -16 45 24 -19 19 25 21 -23 42 -25 43 26 -28 -29 -30 -31 32 -33 33 39 35 40 38 -39 -40 41 -42 -43 46 -45 -46 -47 -48 -49 -50 -51 61 59 54 -55 -56 56 57 58 -60 -61 -62 -63
leaf_value=-0.034523916413117903 -0.034845657767856357 -0.029049194396379679 -0.035579044995453848 -0.026411410446235642 -0.0037031994550581395 0.025844351028463497 0.015127207250882594 -0.012167488528907356 -0.003536329167147096 -0.016904703596490017 0.0036663659466963333 0.026961197514997787 0.024101497931041927 0.037968927236594952 0.030203484433628577 -0.026753116104288651 -0.037534999881508047 0.0010377596007830978 -0.042314926703155641 0.0186167677495656 0.012254094522440454 -0.021141492263043338 0.026170682405906639 -0.032567778735643704 0.0030062579008874896 -0.027332154473314798 0.00067958672594750787 0.0043796333503448269 -0.028604750612188708 0.025015342407761928 -0.015367513655375507 0.023771959932757041 -0.017871343764757554 0.034685872087160362 0.038099548948169693 0.0055945779238770633 -0.027989872694673564 0.017120622232917014 0.001139565277982919 -0.015870704192840673 -0.032069344245858673 0.021186150646008289 -0.025068045450296894 0.0085081249171102165 -0.026565196611980948 0.0079164615882301274 0.0058666187137950332 0.0027657189659515604 -0.02811590682672209 0.014391153234099383 -0.030116536164399705 -0.0109395550234436 0.033093200669804 -0.031134789473837257 -0.0020061851437983675 -0.0091959520340228109 -0.0214375595183653 0.010423048370150872 -0.019600736923723664 0.028667238829072569 -0.0068424887050916542 -0.001779518743311192
leaf_weight=29.134215125115588 2.5833328887820235 10.443161187693475 5.0771080516278735 1.2364246845245386 4.1262674145400506 10.757980032823978 3.5821683146059504 1.9435852910392015 49.622775294003077 1.3156317546963681 2.3922754018567502 11.84876820957288 2.5900156423449516 36.407873261719942 5.3564368560910225 5.6739382597152135 2.7187044676393244 2.650648589245975 9.4207568261772359 3.8126528896391383 1.0239103478379576 12.857524732127784 1.7881188532337526 2.3044886011630297 2.4679323062300682 2.1337867304682723 36.308162027969956 0.65727607160806734 1.7908419873565433 1.0860112123191354 9.7412293106317502 4.250166954472661 1.5051149409264386 1.9491678718477476 2.2035252228379241 1.9477018155157568 5.4806112516671401 3.6760562416166067 3.1736216004937887 1.7866510115563872 1.2167742028832433 1.0565102845430372 1.0474973171949384 2.5905000753700733 4.5975334271788597 1.1047181747853754 5.2749760625883937 74.731748858466744 2.9511641748249522 13.132620584219692 4.5319212209433308 1.0295760128647082 3.1619665361940843 2.7563137263059607 7.3413207083940506 50.137832628563046 2.060876019299033 16.610040791332725 1.5363521855324496 2.7671136558055878 1.0026013776659963 3.3962205890566111
leaf_count=1836 126 581 219 36 88 214 91 41 1349 61 49 227 55 877 118 173 114 52 375 93 49 559 74 115 75 67 737 12 43 16 306 85 71 42 40 39 170 97 79 47 32 19 50 52 144 20 195 1372 66 221 114 28 53 66 138 1376 51 327 38 45 22 72
internal_value=-0.00193901 -0.00620977 -0.0174186 -0.00359632 0.0282454 0.0107582 -0.00472344 0.0144406 -0.0110099 -0.00765027 -0.0240608 0.0182375 0.00274179 0.03398 0.0165037 -0.00453571 -0.00676735 -0.0194218 -0.00218661 -0.00758257 -0.01818 -0.0125446 -0.0019588 -0.0191338 -0.0184907 0.000677316 -0.0015288 -0.0391491 -0.0109038 0.00406151 -0.00128182 0.0130467 -0.00395322 0.00110992 -0.00365753 0.0105926 -0.00952776 0.00570882 -0.0182962 0.017547 -0.0131107 -0.000170843 0.00641595 -0.0101094 -0.017144 -0.0208117 -0.0019821 -0.000674241 -0.00289513 -0.00199597 -0.00427114 -0.00275948 -0.00383884 -0.0057886 0.00857962 -0.00444067 -0.00563518 0.00321674 0.00699014 0.0178853 0.0240156 -0.0195366
internal_weight=504.863 442.98 82.685 360.295 61.8825 15.992 339.8 20.4956 96.7371 53.5508 7.46938 19.2592 7.41045 45.8906 9.4827 46.0814 61.9974 5.23398 243.062 52.3326 34.7397 24.2965 11.439 3.3284 12.3747 42.2546 38.4419 10.078 4.82044 3.0296 39.3028 5.5658 33.737 23.9957 19.2034 5.368 13.8354 5.18117 8.65423 4.79233 3.16448 2.84316 8.11059 9.65597 7.06547 6.77866 6.32247 190.73 115.998 113.047 99.9143 91.9862 88.1895 76.6836 11.5059 73.9273 70.3451 20.2073 18.1464 3.79669 4.16457 7.92814
internal_count=13999 12524 3385 9139 1475 392 8721 418 3357 1549 268 382 155 1083 206 1281 1734 178 5364 1284 1623 1042 483 164 385 897 804 387 100 57 1088 146 942 636 528 111 417 168 249 108 71 66 319 271 219 193 245 4080 2708 2642 2421 2235 2162 1949 213 1883 1792 416 365 73 75 186
is_linear=0
shrinkage=0.05


Tree=21
num_leaves=63
num_cat=0
split_feature=0 2 1 1 0 2 1 3 1 0 0 2 1 2 3 1 0 2 4 3 2 3 2 1 1 4 1 4 1 2 1 3 3 2 1 2 0 1 3 1 4 1 4 3 3 2 3 1 1 4 2 3 1 3 3 3 1 2 2 4 1 1
split_gain=22.8508 4.59496 5.00623 3.01618 2.95718 2.2698 2.94114 2.17822 1.22495 1.13007 6.79351 1.05505 1.03763 0.991061 1.73239 0.980645 1.48591 0.956931 0.847588 0.788392 0.785953 0.782565 0.76501 0.849509 0.732125 0.72334 0.76004 0.700021 0.854488 0.745751 0.690624 0.869844 1.11288 0.813256 0.675647 0.651196 0.639817 0.648476 0.78206 0.621165 0.58234 0.575602 0.54073 0.866548 0.525596 0.514949 1.25019 0.510213 0.5229 0.50883 0.55713 0.444495 0.969536 0.828535 0.670626 0.539451 0.965752 0.672772 0.433711 0.740483 0.72484 0.718189
threshold=3.5000000000000004 9.5000000000000018 0.19350000000000003 0.083500000000000019 2.5000000000000004 10.500000000000002 0.16550000000000004 11.415000000000001 0.21950000000000003 1.0000000180025095e-35 1.5000000000000002 20.500000000000004 0.043500000000000004 16.500000000000004 11.685 0.065500000000000017 1.0000000180025095e-35 9.5000000000000018 1.5000000000000002 13.125000000000002 19.500000000000004 13.515000000000002 4.5000000000000009 0.32350000000000007 0.17950000000000002 2.5000000000000004 0.42750000000000005 3.5000000000000004 0.31950000000000006 17.500000000000004 0.085500000000000007 17.380000000000006 16.695000000000004 22.500000000000004 0.38450000000000006 16.500000000000004 2.5000000000000004 0.065500000000000017 13.645000000000001 0.42750000000000005 3.5000000000000004 0.38450000000000006 1.5000000000000002 14.585000000000003 13.785000000000002 24.500000000000004 14.735000000000001 0.15150000000000002 0.33950000000000008 4.5000000000000009 14.500000000000002 13.675000000000002 0.052500000000000005 16.415000000000003 15.815000000000003 15.135000000000003 0.054500000000000007 22.500000000000004 16.500000000000004 1.0000000180025095e-35 0.15750000000000003 0.15250000000000002
decision_type=2 2 2 2 2 2 2 2 2 2 2 2 2 2 2 2 2 2 2 2 2 2 2 2 2 2 2 2 2 2 2 2 2 2 2 2 2 2 2 2 2 2 2 2 2 2 2 2 2 2 2 2 2 2 2 2 2 2 2 2 2 2
left_child=1 2 -1 7 9 6 17 -3 11 30 39 -6 35 14 -9 -16 18 -2 21 -20 24 -17 23 -4 49 34 -27 29 -29 -26 44 32 41 -34 -24 -7 37 51 40 -11 -39 -32 43 -22 -5 46 -44 -33 -49 50 -12 52 -15 54 55 56 57 -53 61 -60 -61 -52
right_child=5 3 22 4 8 12 -8 13 -10 10 20 -13 -14 36 15 16 -18 -19 19 -21 42 -23 25 -25 27 26 -28 28 -30 -31 31 47 33 -35 -36 -37 -38 38 -40 -41 -42 -43 45 -45 -46 -47 -48 48 -50 -51 58 53 -54 -55 -56 -57 -58 -59 59 60 -62 -63
leaf_value=-0.036110897770426767 -0.027293479579428133 -0.036363468342076349 -0.031706973250494097 -0.0046095335165873544 -0.0019807813239049814 -0.020367550969605824 0.028327101257970295 0.027738561855535332 0.032147458175833053 -0.04243063442158037 -0.026564276115566283 0.031110232352484238 0.034757886687515165 -0.022571358929132403 -0.031908795960039767 -0.0047599587111661823 -0.037300057049766522 0.0063560452101971551 0.015598455912408844 -0.028334712579880475 -0.027222417429590598 0.044112328323190758 0.0084035945727926574 0.0033288368332669996 0.0082367983373999327 -0.018746887892932825 0.016295415870731446 -0.029817043103894471 0.006213003831705385 -0.014942424308650604 -0.0027354721311711235 -0.033605860667829029 0.027640093452515269 -0.0039284283055987237 -0.018919314830393573 0.01854489697007183 0.021143013933114241 -0.010734103268124635 -0.028761677770364674 0.0026136832021411097 0.025187373811897663 0.0063708764165316713 0.019685936752099314 0.011125539055604289 0.036751144834861853 0.023249621124111625 -0.025410042536665112 0.00074918413969842727 -0.029673269163150297 0.014996608488301789 0.023107617278650867 0.03560474096479288 0.016612682893923935 -0.01577622099339791 0.035160813189293913 -0.016519007397484402 -0.017083488544995869 -0.0048579279932398547 0.015034342127155584 -0.038688938134735264 0.0059331174686603379 -0.018475359621449548
leaf_weight=23.533635191619396 3.8237114381045094 8.9305904032662493 3.9365915183443603 0.91338028572499652 9.6831252881675045 1.0341721456497901 8.4695667987689358 1.0208229795098329 6.8503218814730635 12.293878525495526 5.7757059466093743 2.161163054406642 41.082717169076204 3.6429717727005544 10.065555195324121 1.0335624963045114 1.4532051188871262 3.2061515608802438 1.0012569408863785 1.2596459742635486 1.522629041224717 1.1659329421818254 14.74587672669441 2.3946087704971433 18.593995511531837 7.0050099808722717 1.1037434339523313 2.755505120381712 2.4161876104772091 3.2650089003145686 213.12740293267416 2.1695539057254773 4.5853446405380955 2.8633225224912167 1.680242784321307 1.2807088829576967 1.5260436143726099 2.1325750034302469 4.1031923983246088 0.69300630688667375 0.77555270865559567 17.940405277535319 2.6668146289885026 2.6405993644148111 1.0388383809477089 5.7792676351964474 1.6468896456062792 5.2881944142282009 0.90425901487469662 0.64445763267576772 1.7891754023730757 2.3253682665526854 1.5277839838527141 2.2416357062757015 1.6625287067145107 1.3643489144742487 1.2625327836722133 1.1735703833401201 0.87069963291287455 1.7588595170527699 1.0068317279219625 0.75041025318205345
leaf_count=1619 151 487 168 35 196 34 177 46 151 530 273 37 1021 124 536 43 67 64 43 59 37 37 394 49 372 207 18 73 42 70 5206 62 75 54 38 28 22 70 124 13 13 290 49 45 18 85 38 97 21 17 44 55 49 68 32 42 36 31 19 57 21 20
internal_value=-0.00181455 -0.00575974 -0.0192299 -0.00380682 -0.00207756 0.0271615 0.00989877 -0.0151783 0.0167331 -0.00324077 -0.0089625 0.00600918 0.0329651 -0.00977413 -0.018638 -0.0230599 -0.00556149 -0.0130664 0.00971628 -0.0100616 -0.000886276 0.0268369 -0.00562976 -0.0198091 -0.0045048 -0.00133833 -0.0127117 0.000246478 -0.0147048 0.00427237 -0.00167341 -0.0019533 -0.00136053 0.0164763 0.00468341 0.000260765 -0.00292948 -0.00542296 -0.0169361 -0.040012 0.00283924 -0.00200404 0.00880783 -0.00545558 0.0223933 0.0146527 0.000927244 -0.0169099 -0.00720124 -0.013969 -0.0165682 0.000605045 -0.0101778 0.0065827 0.0140809 0.00422845 0.0120087 0.0239701 -0.00482082 -0.0143874 -0.0251828 0.00907217
internal_weight=497.361 438.464 54.3997 384.064 334.395 58.897 15.4994 49.6687 18.6946 315.701 66.8699 11.8443 43.3976 40.7381 17 15.9792 5.9136 7.02986 4.4604 2.2609 53.883 2.1995 30.8661 6.3312 39.6268 24.5349 8.10875 27.0307 5.17169 21.859 248.831 246.878 238.516 7.44867 16.4261 2.31488 23.7381 22.2121 7.01132 12.9869 2.90813 231.068 14.2562 4.16323 1.95222 10.093 4.3137 8.36201 6.19245 12.5961 11.9517 15.2007 5.17076 10.03 7.78835 6.12582 4.76147 3.49894 6.17598 3.63639 2.76569 2.53959
internal_count=13999 12524 2493 10031 8047 1475 392 1984 384 7663 1805 233 1083 1497 831 785 249 215 182 102 1262 80 874 217 1008 657 225 557 115 442 5858 5805 5625 129 432 62 666 644 207 543 83 5496 254 82 53 172 87 180 118 451 434 437 173 264 196 164 122 86 161 97 78 64
is_linear=0
shrinkage=0.05


Tree=22
num_leaves=63
num_cat=0
split_feature=0 2 1 1 0 2 1 2 2 1 1 3 0 0 1 2 4 2 3 3 2 2 2 1 3 1 1 3 1 2 1 1 1 4 1 1 2 3 3 3 3 3 2 3 4 3 4 2 1 3 3 1 3 4 4 3 4 2 1 1 1 3
split_gain=19.818 4.04028 4.59225 2.68108 2.55705 2.5029 2.37692 2.91526 1.49442 1.62617 1.0371 0.974497 0.878956 5.68278 0.837427 0.829283 0.771069 0.729174 0.645023 0.761463 0.995047 0.726856 0.623839 0.629368 0.582489 0.581911 0.55995 0.556546 0.668351 0.773482 1.01957 0.584886 0.540861 0.540382 0.731336 0.626917 0.653662 0.538503 0.650549 0.536113 1.05195 0.746836 0.532157 0.475164 0.41567 0.407813 0.395101 0.855089 0.412757 0.380571 1.00992 0.63955 0.379503 0.37481 0.428784 0.479011 0.36791 0.414747 0.603675 0.686753 1.22585 0.365254
threshold=3.5000000000000004 9.5000000000000018 0.21550000000000002 0.097500000000000017 2.5000000000000004 16.500000000000004 0.11350000000000002 14.500000000000002 7.5000000000000009 0.21550000000000002 0.21950000000000003 12.255000000000001 1.0000000180025095e-35 1.5000000000000002 0.065500000000000017 20.500000000000004 2.5000000000000004 4.5000000000000009 17.380000000000006 16.695000000000004 22.500000000000004 22.500000000000004 20.500000000000004 0.16250000000000003 8.5950000000000006 0.095500000000000015 0.42750000000000005 12.395000000000001 0.083500000000000019 20.500000000000004 0.087500000000000008 0.078500000000000014 0.37750000000000006 3.5000000000000004 0.071500000000000008 0.070500000000000021 11.500000000000002 15.135000000000003 17.255000000000006 14.125000000000002 12.225000000000003 16.285000000000004 13.500000000000002 10.525 1.5000000000000002 14.155000000000003 1.5000000000000002 22.500000000000004 0.081500000000000017 12.635000000000003 13.875000000000002 0.077500000000000013 11.075000000000001 2.5000000000000004 4.5000000000000009 11.585000000000003 6.5000000000000009 20.500000000000004 0.24250000000000002 0.17650000000000002 0.13050000000000003 13.645000000000001
decision_type=2 2 2 2 2 2 2 2 2 2 2 2 2 2 2 2 2 2 2 2 2 2 2 2 2 2 2 2 2 2 2 2 2 2 2 2 2 2 2 2 2 2 2 2 2 2 2 2 2 2 2 2 2 2 2 2 2 2 2 2 2 2
left_child=1 2 -1 5 12 14 7 16 9 17 15 46 18 26 -3 -6 43 -8 19 21 -21 56 23 -15 32 27 -14 -13 31 45 -31 -29 -4 34 35 36 -16 44 -39 40 53 -41 -35 -2 -24 -30 48 -48 52 -36 51 -51 -7 -25 55 -55 57 -5 59 60 -59 -60
right_child=6 3 24 4 10 11 8 -9 -10 -11 -12 25 13 22 33 -17 -18 -19 -20 20 -22 -23 37 39 -26 -27 -28 28 29 30 -32 -33 -34 42 49 -37 -38 38 -40 41 -42 -43 -44 -45 -46 -47 47 -49 -50 50 -52 -53 -54 54 -56 -57 -58 58 61 -61 -62 -63
leaf_value=-0.033097246010660622 -0.034079170756429376 -0.031820223342942613 -0.026621634834567337 -0.0022427322928648794 -0.0017523358219866576 0.0062684256238676713 -0.038588104989080128 0.031290575398132389 0.036707392927798337 0.029814008122427318 0.031042027019579501 0.027933033765005635 -0.040406774324348887 -0.014715356246902626 0.019137767758087211 0.029106455201370725 0.012710454527447752 0.0025476604749713797 -0.014344534077122063 0.026782609339601884 -0.0077936711874520854 0.0051824086398496927 -0.0012933416118280534 0.010645494619569774 -0.00040549883497938794 -0.026122057078167796 0.0024793055392357544 -0.00027228698926396979 0.003689105468991264 0.025210339369536525 -0.020416888427568322 -0.024314742294316311 0.0091615426459809562 -0.01488352753141628 -0.028979450128482472 0.031434229992686739 -0.023017085607672242 -0.013681012425594042 0.015903060420646962 0.016954760275402422 -0.016181562078004325 -0.016827174618384552 0.026331847211597748 -0.0065901724941004897 0.025408146894309504 0.043263445139675345 -0.04069128558284707 0.005128394679599791 0.015130842750255625 -0.018589723408506127 -0.026720302604790927 0.020822795111868592 -0.026555597166280937 -0.022958489397483992 0.012778533723660033 0.0083564447392019802 0.013978149139891611 -0.032193598582279853 0.016537236142675452 -0.037676135207378864 0.016538677749011795 -0.010035120707420367
leaf_weight=25.306057167239487 1.702191951218994 14.067873319610955 3.3106619389727738 174.16168859061145 8.4997158274054545 0.9636413762345909 0.8020535977557296 7.132647242397069 33.31391729041934 3.2203776366077363 6.5153066627681246 1.0321124140173257 10.972142196260389 8.5721681388095003 0.56795363221317829 1.8813691213726986 2.2694963216781616 2.3981048064306378 8.0503147207200509 4.4656279087066642 2.7706166058778763 35.490447264164686 1.8809170015156249 8.6859305910766178 23.501815250143409 0.86542315781116386 0.6934009753167637 18.639120500069119 1.1914314366877072 1.04594436660409 2.0662069618701935 1.9311269707977761 0.84440990537405003 0.52676377166062482 6.6394155127927643 0.50003672577440728 1.4140241937711833 3.6114124804735184 2.1235647890716791 6.6844447199255219 9.1880947425961477 1.2191557362675665 0.82357366196811199 5.366423147264868 4.306391591206193 1.3012587279081342 2.5135960718616848 1.1469476483762262 0.94924479350447644 0.60506092011928592 2.8246804680675268 2.3034961139783263 1.1473140381276605 2.5845183674246068 1.4305453859269617 1.2175439000129697 2.3404258266091338 1.1934613715857252 1.5928935837000611 2.3187819458544254 2.170000284910202 1.6483374163508413
leaf_count=1765 71 819 119 4290 172 37 28 179 901 64 151 22 493 319 31 34 47 53 171 71 53 630 36 177 593 25 13 519 31 19 55 54 16 31 326 23 69 70 32 119 212 25 26 132 67 24 109 25 27 28 111 82 44 67 28 26 42 39 24 58 44 31
internal_value=-0.00168628 -0.00531892 -0.0181319 -0.00349658 -0.00157758 -0.0126593 0.0259855 0.00927193 0.032516 0.00875217 0.0167917 -0.00332867 -0.00266677 -0.00785781 -0.0229338 0.00590627 -0.00894627 -0.0144948 -0.0012512 -0.000728626 0.0142051 -0.0012796 -0.00047006 -0.00350806 -0.00376156 0.000964435 -0.0378631 0.00272155 0.000736125 0.0146289 -0.0026807 -0.00355198 -0.0189831 -0.0138182 -0.0165905 0.00620211 -0.00857038 0.00910714 -0.00199177 -4.70945e-05 -0.00391815 0.0104391 0.010762 -0.016613 0.0182404 0.03082 -0.0190633 -0.0283148 -0.00374872 -0.0212847 -0.00939314 0.00996541 -0.0143732 0.00471936 -0.00524749 -0.0132785 -0.00253759 -0.0028235 -0.0127903 -0.0214339 -0.0041682 0.00384391
internal_weight=490.504 434.298 52.9629 381.335 316.269 65.0662 56.2052 16.4708 39.7345 6.42054 16.8964 34.7934 299.373 63.1702 30.2729 10.3811 9.33811 3.20016 236.203 228.152 7.23624 220.916 51.5047 39.5824 27.6569 28.0726 11.6655 27.2072 26.1751 5.60484 3.11215 20.5702 4.15507 16.205 14.8547 2.48201 1.98198 11.9223 5.73498 31.0102 23.1066 7.9036 1.35034 7.06862 6.18731 2.49269 6.72074 3.66054 3.0602 12.3727 5.73324 2.90856 2.11096 13.9185 5.23261 3.80206 185.426 183.085 8.92347 5.68224 3.36346 3.24123
internal_count=13999 12524 2493 10031 7494 2537 1475 429 1046 145 357 991 7137 1684 1546 206 250 81 5453 5282 124 5158 1178 973 728 749 506 724 702 129 74 573 135 727 670 123 100 205 102 654 510 144 57 203 103 55 242 134 108 547 221 110 81 298 121 93 4528 4486 196 141 83 55
is_linear=0
shrinkage=0.05


Tree=23
num_leaves=63
num_cat=0
split_feature=0 2 1 1 2 0 2 1 1 2 1 2 1 2 1 2 1 0 0 4 4 2 1 2 1 0 1 1 1 3 1 1 1 1 1 0 3 3 3 2 3 2 1 2 2 3 1 3 1 4 1 2 1 2 0 3 1 1 4 3 3 1
split_gain=17.3483 3.53389 4.5367 2.20475 2.60122 1.94217 1.5045 1.58285 1.46132 1.47668 1.19773 1.18647 1.01719 0.821695 0.763938 0.733071 0.801965 0.704534 3.37252 0.658355 0.599334 0.711436 0.883653 0.724872 0.774978 0.585918 0.580228 0.56788 0.685453 0.552468 0.511656 0.494306 1.53959 0.623035 1.03356 0.703409 0.669913 0.805543 1.60156 1.11434 0.707204 0.726828 0.726273 0.647375 0.907814 0.594716 0.651819 0.587863 0.871173 0.810921 0.764262 0.488111 0.596431 0.484283 0.470327 0.443709 0.440532 1.40706 1.31311 0.718273 0.870852 1.23922
threshold=3.5000000000000004 10.500000000000002 0.16650000000000004 0.11350000000000002 14.500000000000002 2.5000000000000004 9.5000000000000018 0.21350000000000002 0.13750000000000004 15.500000000000002 0.15350000000000003 20.500000000000004 0.16950000000000004 4.5000000000000009 0.18550000000000003 4.5000000000000009 0.32350000000000007 1.0000000180025095e-35 1.5000000000000002 2.5000000000000004 3.5000000000000004 5.5000000000000009 0.21050000000000002 9.5000000000000018 0.19850000000000004 1.0000000180025095e-35 0.14850000000000002 0.14750000000000002 0.15750000000000003 10.875000000000002 0.42750000000000005 0.03450000000000001 0.039500000000000007 0.083500000000000019 0.085500000000000007 1.0000000180025095e-35 17.380000000000006 14.095000000000001 13.045000000000002 16.500000000000004 14.185 19.500000000000004 0.095500000000000015 17.500000000000004 22.500000000000004 12.715000000000002 0.13050000000000003 14.695000000000002 0.071500000000000008 3.5000000000000004 0.05050000000000001 14.500000000000002 0.24450000000000002 20.500000000000004 2.5000000000000004 15.815000000000003 0.12250000000000001 0.11950000000000001 1.5000000000000002 11.335000000000003 13.105000000000002 0.048500000000000008
decision_type=2 2 2 2 2 2 2 2 2 2 2 2 2 2 2 2 2 2 2 2 2 2 2 2 2 2 2 2 2 2 2 2 2 2 2 2 2 2 2 2 2 2 2 2 2 2 2 2 2 2 2 2 2 2 2 2 2 2 2 2 2 2
left_child=1 2 -1 4 19 8 7 13 9 56 11 29 -4 -5 -14 16 -16 -10 30 -2 21 25 23 24 -23 -17 -15 -20 55 -7 -19 -11 -33 35 -35 47 37 38 43 -40 -39 42 -42 -36 45 46 -45 49 50 -34 -49 52 -12 -50 -24 -29 57 59 -59 -3 61 -61
right_child=3 5 12 6 -6 10 -8 -9 17 31 51 -13 14 26 15 20 -18 18 27 -21 -22 22 54 -25 -26 -27 -28 28 -30 -31 -32 32 33 34 36 -37 -38 40 39 -41 41 -43 -44 44 -46 -47 -48 48 53 -51 -52 -53 -54 -55 -56 -57 -58 58 -60 60 -62 -63
leaf_value=-0.031546037767041367 -0.015350168037916449 -0.027371012738009931 0.029345110249491685 -0.036696841817029077 0.030275224072496554 0.011222931539836008 0.036893188697857626 0.030653097697654692 -1.4696629614044196e-05 -0.016677258079024718 -0.0097034534762830953 0.027559402841229087 -0.025100151527988009 -0.01975583699819462 -0.030498101815906675 0.023732768911005918 0.0033128466634629555 -0.036514611306051763 0.021165390048631213 0.011794635849338988 -0.015333074029717498 -0.026164575309347626 -0.008839215463921515 0.025616119125429406 0.018071902293031732 -0.010112335839846593 0.0145210835914524 -0.034808049301396603 1.0283416319317399e-05 -0.016270272916928629 0.0039034899742663763 0.032025468865215595 -0.018409198481230418 0.030408827234782755 0.016761158428077887 -0.028780603221451585 -0.02507997380068654 0.035121264029830214 0.013475835268938724 -0.033671812571501585 0.018203899209284165 0.011010287632375815 -0.019465578556910126 -0.032409161360564973 0.012980182808501335 0.0094126713785248981 0.0088235599386070097 -0.014908217768001639 0.0067718075794807962 0.016134033916219054 0.025823213866561046 0.032334784662986955 0.022518954949376977 -0.032258356909568436 0.014939514099819374 0.0053282950313994649 -0.029148491114106015 0.051871022058582066 -0.017143121753918685 -0.027449098528356915 -0.019831961226869328 0.0099589693131560894
leaf_weight=25.103377903345972 7.0400056261569279 8.7198597402311915 1.0130168190225948 0.79270034655928423 6.7744140103459349 1.6811722610145823 29.093331530690193 4.0184344659210183 183.58072068658657 6.0707458434626451 1.9858887561131253 1.847696842625737 4.3677544319070867 0.86288505792617831 4.1286423988640299 4.0220871306955805 2.391640349291265 7.946599977090953 1.8622750993818034 2.2570314314216375 6.2028769329190245 1.1794310361146956 22.222547680139545 3.406222207006067 0.88777293264865864 1.0833300175145266 2.7527002855204046 1.4091137126088136 36.223346687853336 5.985542765702121 0.65854434669017781 2.0618036165833464 8.753517453093087 1.5232152864336956 4.4097596947103765 3.6046435898169866 2.0588591434061518 1.0518109407275904 0.97595392726361652 5.5107669197022915 0.84776376001536746 9.6829170864075405 4.0345077496021986 3.3296033628284913 3.4155055545270443 1.1360346693545578 0.76409855112433422 0.8141214195638885 0.85978070646524407 1.251343386247753 3.5316815581172705 5.6978699043393135 1.9421111457049844 0.93578143790364265 1.3819341678172339 0.6338231824338435 5.829959351103752 0.63012530654668697 0.54137951321899891 1.9402601374313251 9.4337609882932139 7.9683284515049309
leaf_count=1836 203 499 41 28 179 31 849 89 3917 199 43 31 187 30 192 89 49 368 47 47 176 59 578 77 41 33 50 55 737 135 12 56 311 26 110 137 58 17 24 169 20 195 119 117 63 31 18 25 23 28 78 131 47 28 27 12 228 21 24 129 464 356
internal_value=-0.00153169 -0.00488817 -0.0144959 0.0250285 0.0088084 -0.00274767 0.0315673 0.0112165 -0.00364725 -0.00861572 0.0123518 -0.000483646 -0.00587159 -0.00889303 -0.00711542 -0.00495176 -0.0193048 -0.00144486 -0.0067237 -0.0082548 -0.00222402 0.000522936 -0.00265052 0.0138971 -0.00746877 0.0160711 0.00383276 -0.000344945 -0.00190413 -0.00964219 -0.0333371 -0.00413199 -0.00262377 -0.00436292 -0.000602106 -0.0113552 -0.00263377 -0.000662084 -0.00726624 -0.0257258 0.00754174 0.00342167 -0.0109419 0.00308364 -0.00490743 -0.016798 -0.0244917 -0.00601328 0.00561884 -0.0130153 0.0168314 0.0238902 0.0075649 -0.0178322 -0.00689647 -0.0246969 -0.0167844 -0.0134361 0.0267705 -0.015978 -0.00974883 0.000789086
internal_weight=484.125 430.533 77.3906 53.5915 16.0715 353.143 37.5201 8.42672 334.002 101.688 19.1403 9.51441 52.2873 4.40829 51.2742 46.9065 6.52028 232.314 48.7337 9.29704 40.3862 34.1833 29.0779 5.47343 2.0672 5.10542 3.61559 40.1286 38.2663 7.66672 8.60514 66.6242 60.5535 58.4917 38.7408 19.7509 37.2176 35.1587 19.5417 6.48672 15.617 14.5652 4.88227 13.055 8.64524 5.22974 4.0937 16.1462 6.14137 10.0049 4.3458 9.62587 3.928 1.79556 23.6045 2.04294 35.0637 29.2337 1.1715 28.0622 19.3423 9.90859
internal_count=13999 12524 3385 1475 429 9139 1046 197 8721 3573 418 197 1549 108 1508 1321 241 5148 1231 250 1080 904 782 177 100 122 80 851 804 166 380 1852 1653 1597 967 630 941 883 532 193 351 334 139 339 229 166 135 493 154 339 103 221 90 51 605 67 1721 1493 45 1448 949 485
is_linear=0
shrinkage=0.05


Tree=24
num_leaves=63
num_cat=0
split_feature=0 1 2 0 1 2 2 1 2 1 1 0 1 1 4 3 3 2 1 1 3 2 0 0 2 3 3 1 2 2 0 0 3 3 3 3 3 1 1 1 2 1 1 3 3 3 0 0 1 2 4 1 4 3 3 2 2 1 2 3 1 1
split_gain=15.269 3.23281 5.10447 2.56739 2.02326 2.28512 1.84212 1.60992 1.47746 1.45515 1.14537 0.996724 0.996363 1.53371 0.780546 0.79821 1.0604 0.76914 1.32594 1.20361 0.957541 0.77081 0.934777 0.823898 0.724371 0.642441 0.639027 0.634018 0.707419 0.644501 0.612476 2.73291 0.653109 1.5258 1.05242 1.6134 0.9147 0.592643 0.536893 0.53438 0.525887 0.587436 0.518671 0.51614 1.37145 1.02087 0.911905 0.724291 0.647626 0.909112 0.710838 0.509692 0.493677 1.12092 1.10023 0.5655 0.711897 0.70176 0.85625 0.736344 0.618589 0.536781
threshold=3.5000000000000004 0.23450000000000001 9.5000000000000018 2.5000000000000004 0.11350000000000002 14.500000000000002 14.500000000000002 0.090500000000000011 9.5000000000000018 0.21350000000000002 0.21350000000000002 2.5000000000000004 0.16750000000000004 0.16950000000000004 1.5000000000000002 11.195000000000002 12.865 12.500000000000002 0.11950000000000001 0.12250000000000001 12.055000000000001 13.500000000000002 1.0000000180025095e-35 2.5000000000000004 4.5000000000000009 12.425000000000002 10.065000000000003 0.23850000000000002 11.500000000000002 2.5000000000000004 1.0000000180025095e-35 1.5000000000000002 14.155000000000003 15.105000000000002 12.895000000000001 12.025 10.455000000000002 0.045500000000000006 0.16550000000000004 0.024500000000000004 17.500000000000004 0.11850000000000001 0.10250000000000001 11.905000000000003 12.635000000000003 11.715000000000002 1.0000000180025095e-35 1.5000000000000002 0.14950000000000002 11.500000000000002 1.0000000180025095e-35 0.21050000000000002 4.5000000000000009 13.425000000000002 14.525 5.5000000000000009 7.5000000000000009 0.29550000000000004 6.5000000000000009 12.975000000000003 0.27550000000000008 0.46550000000000008
decision_type=2 2 2 2 2 2 2 2 2 2 2 2 2 2 2 2 2 2 2 2 2 2 2 2 2 2 2 2 2 2 2 2 2 2 2 2 2 2 2 2 2 2 2 2 2 2 2 2 2 2 2 2 2 2 2 2 2 2 2 2 2 2
left_child=1 2 12 27 5 26 7 -4 9 24 17 30 -1 -14 -12 -16 -17 18 42 21 51 22 -19 -23 -6 -22 -2 28 -3 -29 39 -32 34 -34 35 36 -33 -28 -26 -8 41 -13 -9 45 47 -20 48 -45 -46 50 -50 -21 55 -54 -55 60 57 58 -57 -59 -31 -58
right_child=4 3 6 -5 8 -7 11 10 -10 -11 14 40 13 -15 15 16 -18 19 43 20 25 23 -24 -25 38 -27 37 29 -30 52 31 32 33 -35 -36 -37 -38 -39 -40 -41 -42 -43 -44 44 46 -47 -48 -49 49 -51 -52 -53 53 54 -56 56 61 59 -60 -61 -62 -63
leaf_value=-0.036346736900485531 -0.028945338389782055 0.037743985181179732 -0.025310491345974451 0.028999827348842374 -0.034988988948201773 0.029287822206870841 -0.020990471809543762 -0.00037130242266362557 0.036211586389109172 0.029512814979331545 -0.040588873966873613 -0.018852675668358552 0.03288598102216695 -0.020246864071167308 -0.029199067258822362 0.028583794146677985 -0.018065311248231224 0.032778768782140845 0.005231179404760115 -0.032361219091397962 0.016959345905260478 -0.022201023911766829 -0.014428515450758128 0.022104529410641172 -0.012532891839711017 -0.012089372497449138 -0.024684736259431506 -0.022881162649572961 0.0016615042031829796 -0.012892683160063135 -0.039428401880622327 0.010213785808014316 0.027208019238298405 -0.0071262498743752583 -0.025549303543457691 0.025945933395209866 -0.029763502237889972 0.0060937964470501706 0.018676584163870861 -0.0010583927403480396 0.021807645691588884 0.01507869234217097 -0.027803214079524331 -0.0379043433541046 0.031336953672975412 0.044280313271620408 -0.013992548193546684 0.0057612992418503844 0.016209646087479043 0.021354922533158169 -0.023232066896095766 0.0072058523335149635 0.017475785833546781 -0.029063073244140189 0.0063078767130753501 0.020721560195883747 -0.0022224385963656519 -0.038651602973528376 -0.022069622041986169 0.0080322318250405401 0.019435222876547417 0.011735156123548758
leaf_weight=15.556960724294187 1.5617712996900062 1.266801906749605 15.965818981640039 6.8817087942734352 0.78180387150496056 6.4405269883573046 2.4674188178032628 2.5933490105308001 27.211848938837647 3.8310792057891376 3.231469750404357 1.5837943559745311 0.63461770303547282 10.339977163821457 1.5245777294039724 1.5368969906121495 1.4169806744903324 2.4396236203610928 13.008242746349424 8.1808867701329291 1.5283646648749689 2.5042437873780732 0.83528054133057583 0.58998510241508473 1.8411842449568214 7.3460313724353909 0.95824960898607958 2.2648424766957751 3.635566652752459 1.1998974680900563 5.1331556579098132 1.6597119122743622 4.2002081042155606 7.7734381193295121 4.8740444239228964 3.078727014362812 2.7778006978332996 6.7687912955880165 1.7106024948880074 118.13543116510846 5.3323589309584349 1.536855114623904 4.3019850710406899 2.3189806928858157 2.5207579741254431 0.99335248861461956 3.1898441379889837 0.99974682740867127 0.84402777254581485 2.7868627961724997 2.5960712153464556 0.53590682148933488 10.059282047674062 2.4096654895693055 5.4439922235906124 1.5987891387194386 107.31821678392589 2.8150504697114234 1.1297385431826115 0.69784286245703686 4.9250210896134377 6.36667208187282
leaf_count=1380 66 37 1045 166 28 179 90 135 849 89 105 34 27 474 51 44 42 96 447 311 50 112 35 8 47 213 42 80 77 39 257 39 84 183 141 68 88 142 33 2831 102 30 195 88 73 33 97 27 18 59 74 14 183 55 95 40 2227 80 36 14 97 98
internal_value=-0.00138455 -0.00449372 -0.00781955 0.00117906 0.0241742 0.00853399 -0.00547647 -0.0114287 0.0307024 0.0103934 -0.00784067 -0.002279 -0.0282452 -0.0146847 -0.0248699 -0.00818929 0.00729679 -0.00528535 -0.000607348 -0.0120368 -0.0185064 0.00591852 0.0201797 -0.0104176 -0.00887338 -0.00587569 -0.00730393 -0.000270049 0.0158005 -0.000912477 -0.0032512 -0.00958718 -0.0019934 0.00608662 -0.00967315 0.00241322 -0.0156827 -0.000114293 0.00329904 -0.00163545 0.013502 -0.00253819 -0.0188398 0.0041702 -0.00217543 0.0107686 0.00609993 -0.0264621 0.0141105 0.00376576 -0.0120838 -0.0294374 -0.00041141 0.00712857 -0.0066015 -0.00153058 -0.00232583 -0.0175341 0.00183677 -0.0296529 0.0121814 -0.00134526
internal_weight=477.993 426.887 268.874 158.013 51.1059 15.7293 242.342 83.7893 35.3765 8.16467 67.8235 158.553 26.5316 10.9746 7.70993 4.47846 2.95388 60.1135 36.1532 23.9603 17.5912 6.36913 3.2749 3.09423 4.33359 8.8744 9.28881 151.131 4.90237 146.229 150.1 29.4971 24.3639 11.9736 12.3903 7.51624 4.43751 7.72704 3.55179 120.603 8.45301 3.12065 6.89533 29.2579 15.2563 14.0016 11.9376 3.31873 8.74772 6.22696 3.4401 8.71679 143.964 17.9129 7.85366 126.051 119.926 6.24142 2.72853 3.51289 6.12492 113.685
internal_count=13999 12524 9200 3324 1475 429 7319 3372 1046 197 2327 3947 1881 501 242 137 86 2085 1246 839 588 251 131 120 108 263 250 3158 114 3044 3781 860 603 267 336 195 127 184 80 2921 166 64 330 916 436 480 321 115 224 151 92 325 2964 333 150 2631 2495 170 76 94 136 2325
is_linear=0
shrinkage=0.05


Tree=25
num_leaves=63
num_cat=0
split_feature=0 2 1 1 2 1 2 0 2 1 3 1 1 0 1 4 2 2 0 0 0 2 1 4 1 4 1 1 3 1 2 4 4 1 1 3 0 2 4 2 3 3 2 3 3 3 3 3 3 3 1 3 1 2 3 3 3 2 0 3 2 3
split_gain=13.4127 2.8177 3.90268 1.9333 2.09058 1.85483 1.8306 1.8013 1.42599 1.30753 0.818501 0.802848 0.77728 1.13705 0.950485 0.854431 0.639947 0.632926 0.629288 4.3613 0.612994 0.59524 0.68773 0.585576 0.575618 0.567376 0.605441 0.604971 0.550921 0.537096 0.567064 0.671879 0.619346 1.00824 0.788399 0.64497 0.534059 0.532374 0.518052 0.900263 0.505926 0.803823 1.31129 0.491114 0.603137 0.489793 0.931842 0.481077 0.458903 0.862297 0.455925 0.445415 0.957813 0.772574 0.622647 0.435351 0.701711 0.476043 0.435261 0.423514 0.420272 0.966689
threshold=3.5000000000000004 9.5000000000000018 0.19350000000000003 0.11350000000000002 14.500000000000002 0.097500000000000017 16.500000000000004 2.5000000000000004 9.5000000000000018 0.21350000000000002 11.755000000000001 0.21950000000000003 0.065500000000000017 1.0000000180025095e-35 0.071500000000000008 3.5000000000000004 20.500000000000004 5.5000000000000009 1.0000000180025095e-35 1.5000000000000002 2.5000000000000004 4.5000000000000009 0.39450000000000007 1.5000000000000002 0.095500000000000015 2.5000000000000004 0.42750000000000005 0.38450000000000006 10.065000000000003 0.11050000000000001 24.500000000000004 1.5000000000000002 2.5000000000000004 0.26950000000000007 0.35950000000000004 14.735000000000001 1.5000000000000002 20.500000000000004 1.5000000000000002 15.500000000000002 15.075000000000001 10.565000000000003 13.500000000000002 17.380000000000006 16.415000000000003 12.635000000000003 13.875000000000002 14.805000000000001 12.315000000000003 10.715000000000002 0.42750000000000005 13.675000000000002 0.13250000000000003 18.500000000000004 14.335000000000003 8.1850000000000005 9.6350000000000033 7.5000000000000009 2.5000000000000004 14.245000000000003 26.500000000000004 14.335000000000003
decision_type=2 2 2 2 2 2 2 2 2 2 2 2 2 2 2 2 2 2 2 2 2 2 2 2 2 2 2 2 2 2 2 2 2 2 2 2 2 2 2 2 2 2 2 2 2 2 2 2 2 2 2 2 2 2 2 2 2 2 2 2 2 2
left_child=1 2 -1 4 28 6 12 18 9 17 -8 16 36 14 23 45 -9 -5 43 50 24 22 -4 -14 -12 27 -27 55 -2 -21 32 -32 38 35 -35 37 -3 59 40 48 41 42 -31 44 60 -16 -47 -41 49 -40 -20 52 -43 -54 -53 -23 57 -57 -38 -34 -7 -62
right_child=3 5 21 8 -6 7 10 11 -10 -11 20 -13 13 -15 15 -17 -18 -19 19 29 -22 25 -24 -25 -26 26 -28 -29 -30 30 31 -33 33 34 -36 -37 58 -39 39 47 -42 51 -44 -45 -46 46 -48 -49 -50 -51 -52 54 53 -55 -56 56 -58 -59 -60 -61 61 -63
leaf_value=-0.032491255002984325 -0.027395380075558962 -0.034272671249336133 -0.024510024304924497 -0.028046254934435806 0.028326051851779895 -0.0015136566120762536 -0.020669060872814789 -0.0012789585370704976 0.035560593572478337 0.028386880307742657 0.00018875085585222558 0.028403374597118159 0.039667921786392557 -0.030463248947162954 -0.023911116978192301 0.023023330055180674 0.026703499975945195 0.0053758384056426904 -0.036902305712695087 -0.020446135244303019 0.022233442782502475 0.028884822881342115 0.010475728204591063 -0.0051207904603025262 -0.028839946440937292 -0.01598697343325552 0.015256554134955531 -0.017361794321745363 -0.00043261406909488991 0.030708433945916311 -0.010746556663542829 0.021219987930874717 -0.019966772104046113 0.014232993863870377 -0.016532723393433157 -0.043098503325861681 0.0045879503606335728 0.01686634969933367 -0.014581632339036241 0.029627813204496437 0.013940814596579613 0.016827235110353479 -0.023728881166040227 -0.012262487909256204 0.010690214243265869 0.018376706794220966 -0.020847065570973159 -0.0030099501854494422 -0.014979564604563195 0.026292371764219766 0.0021013203618852629 0.015766729329704327 -0.036182782666286023 0.0080840414098611365 -0.017919742760367993 -0.027445843535766731 0.010416693385021327 0.0074317937622376991 -0.026909763187081017 0.011096699009912666 -0.0052559544402960437 0.020292837964102389
leaf_weight=18.945641049183905 1.529776917770503 9.4956369735300559 4.6768822195008424 1.3431695224717248 6.1295299492776385 203.13178483989032 4.3129796287976196 8.4016358306980674 25.452055370435119 3.6597383650951087 27.182978419121362 5.6837132293730965 0.93340002745389827 4.1855307398363939 4.4915083330124581 0.91367650125175792 1.6654122248291958 2.9440204878337681 9.7455700663849676 2.08186803292483 1.9677419197396364 1.3239241894334615 1.2368426471948621 0.84597635362297297 0.82132880389690299 6.7423598617315283 1.0965807884931562 1.6499711908400048 7.6769330119714141 2.0599577464163299 1.5369888208806504 5.2160032037645578 5.2704661479219777 5.2207105793058863 2.1698560640215874 1.4065636843442915 2.3744776911335062 0.70211991295218457 1.4951722007244828 4.5486177448183298 2.6279211565852174 0.71907435916364004 0.84410816431045521 7.9898218885064116 10.751478547230361 2.1184084195992909 1.9447827795520423 1.2008340936154125 2.8327058423310518 1.8402702957391737 0.69318795576691705 1.9720600955188277 4.2571931220591068 0.81881516985595215 1.5477140974253414 1.5067901611328118 10.721548829227684 1.0407139137387273 0.72890855371952046 0.65961267054080952 6.9393634535372239 6.2179730162024498
leaf_count=1619 66 635 196 42 179 4864 170 172 849 89 765 151 43 205 238 35 34 66 493 79 30 40 21 47 26 207 18 38 184 44 30 75 166 93 45 41 151 12 45 77 50 26 23 171 189 79 80 23 75 40 13 41 128 15 36 52 269 33 33 14 132 97
internal_value=-0.00130028 -0.00417579 -0.0153375 0.0232693 0.00789003 -0.00268043 -0.0104846 -0.00109442 0.0298966 0.00980903 -0.00258009 0.0148645 -0.0197303 -0.0110787 -0.00196704 -0.00872465 0.00534483 -0.00841935 -0.00198931 -0.00645077 0.000606213 -0.00380426 -0.016736 0.0241929 -0.0016276 -8.80095e-05 -0.0103848 0.00519533 -0.00715784 -0.000191905 0.00106169 0.0134967 -0.00119489 -0.008866 0.00430638 -0.0201129 -0.0287341 -0.0102298 0.00338745 0.0107335 -0.00281443 -0.00719999 0.0128604 -0.000800121 -0.000344743 -0.0141702 -0.000806606 0.0233751 -0.00266715 0.00883272 -0.034355 -0.0140946 -0.0215728 -0.0288868 0.000266669 0.00869565 0.00479814 -0.015119 -0.00756511 -0.0154089 -0.000939951 0.00739858
internal_weight=472.242 423.507 48.9413 48.7352 15.3362 374.566 62.3173 312.249 33.399 7.94693 34.285 15.7508 28.0323 15.4333 11.2478 9.46838 10.067 4.28719 296.498 61.4674 29.972 29.9956 5.91372 1.77938 28.0043 24.0819 7.83894 16.2429 9.20671 51.0286 48.9468 6.75299 42.1938 15.4293 7.39057 8.03876 12.599 6.6322 26.7644 11.9176 14.8468 12.2189 2.90407 235.03 227.041 8.5547 4.06319 5.74945 6.16815 3.33544 10.4388 9.31486 5.79508 5.07601 3.51977 14.593 13.2691 2.5475 3.10339 5.93008 216.289 13.1573
internal_count=13999 12524 2493 1475 429 10031 2537 7494 1046 197 991 357 1546 727 522 432 206 108 7137 1684 821 874 217 90 791 657 225 432 250 1178 1099 105 994 371 138 233 819 192 623 260 363 313 67 5453 5282 397 159 100 160 85 506 246 169 143 77 394 354 85 184 180 5093 229
is_linear=0
shrinkage=0.05


Tree=26
num_leaves=63
num_cat=0
split_feature=0 1 2 1 2 2 0 3 2 1 1 1 2 1 2 1 0 0 2 1 3 3 1 1 1 2 2 1 4 3 3 3 3 1 2 0 3 4 2 2 4 1 2 3 3 1 3 3 4 1 1 1 1 3 1 3 3 1 1 3 4 2
split_gain=11.808 2.53012 3.94093 1.84977 2.27449 1.18576 1.16201 1.6865 0.980062 1.10508 0.938414 0.930928 0.735994 0.689326 0.677173 0.638797 0.590157 3.27577 0.776371 0.582954 0.551924 0.536908 0.79152 0.534745 0.530701 0.745815 1.41116 0.609432 0.640113 0.616792 0.820274 0.525062 0.525168 0.511616 0.498462 0.762484 0.561458 0.513167 1.08316 0.799708 1.65968 0.513391 0.494166 0.491451 0.680502 0.476874 0.462178 0.557864 0.734231 0.451895 0.450581 0.438504 0.43165 0.423861 0.574103 1.05444 0.485379 0.916847 0.413193 0.57829 0.405959 0.561416
threshold=3.5000000000000004 0.15850000000000003 9.5000000000000018 0.12950000000000003 14.500000000000002 4.5000000000000009 2.5000000000000004 10.185 14.500000000000002 0.090500000000000011 0.21750000000000003 0.15050000000000002 9.5000000000000018 0.23450000000000001 2.5000000000000004 0.14250000000000002 1.0000000180025095e-35 1.5000000000000002 20.500000000000004 0.17750000000000002 9.8150000000000031 9.2450000000000028 0.31950000000000006 0.25350000000000006 0.23250000000000004 18.500000000000004 22.500000000000004 0.25550000000000006 1.0000000180025095e-35 14.125000000000002 16.015000000000004 13.545000000000002 11.785000000000002 0.15650000000000003 13.500000000000002 1.5000000000000002 12.425000000000002 1.0000000180025095e-35 10.500000000000002 11.500000000000002 1.5000000000000002 0.094500000000000015 17.500000000000004 17.125000000000004 16.285000000000004 0.20650000000000002 12.655000000000003 11.815000000000003 1.5000000000000002 0.032500000000000008 0.059500000000000004 0.29150000000000004 0.14650000000000002 13.765000000000002 0.35350000000000004 11.195000000000002 11.965000000000002 0.30150000000000005 0.11250000000000002 16.495000000000001 2.5000000000000004 11.500000000000002
decision_type=2 2 2 2 2 2 2 2 2 2 2 2 2 2 2 2 2 2 2 2 2 2 2 2 2 2 2 2 2 2 2 2 2 2 2 2 2 2 2 2 2 2 2 2 2 2 2 2 2 2 2 2 2 2 2 2 2 2 2 2 2 2
left_child=1 2 -1 4 12 10 14 13 9 -4 -5 15 -2 -8 -3 34 -16 18 -18 -9 21 22 45 -20 25 -22 -27 42 -29 53 -31 32 -17 43 37 -36 -37 38 -11 41 -41 -39 -26 44 -10 -19 47 -43 -49 -6 -14 -23 -45 54 55 -30 -57 -58 59 -46 61 -52
right_child=3 6 8 5 49 -7 7 19 33 11 -12 -13 50 -15 16 31 17 20 23 -21 24 51 -24 -25 27 26 -28 28 29 30 -32 -33 -34 -35 35 36 -38 39 -40 40 -42 46 -44 52 58 -47 -48 48 -50 -51 60 -53 -54 -55 -56 56 57 -59 -60 -61 -62 -63
leaf_value=-0.034661700847448629 -0.028090307346074178 -0.02108815931306501 -0.023176470388083136 -0.031971987970169216 -0.0040073923157878787 0.032748251452214758 -0.042077794896071309 -0.0051593854658752722 -0.0031517458256492582 0.019923905010479567 0.017106633746380908 -0.026766841571567352 -0.017402498348527577 0.0066439916420822356 -1.7145175400703598e-05 0.011949518432717975 -0.039656661654586513 0.0077913184255675519 -0.021951115024897112 0.026256839501945264 -0.016086011671714508 0.038140048540334537 0.02349519241384411 0.014671112048221384 0.025763250797164568 0.028413290044153446 -0.019954927228288698 -0.025809386564163622 -0.020306409350014029 0.024469620005668186 -0.0098655869772603204 0.030664017942577778 -0.023023295605547119 -0.027695508146309469 -0.028868412066196766 0.025061522154159029 -0.01712727032943288 0.018622315825204235 -0.03097681182670602 0.035846775313744687 -0.0064701686519288773 -0.013603535855702967 -0.0055740698505807804 -0.020326189178198978 0.021851457725925397 -0.02978629513729646 -0.0290037118880026 -0.015618697273070437 0.034284020494634242 0.032615340979319986 0.013185182413951375 -0.0016205471290984359 0.0089688715485551958 -0.02634140774394568 -0.017191933175713516 0.031738297692174712 -0.01780401733913509 0.021090423208257447 0.02336830707123445 -0.011909482603986908 0.021892461861407874 -0.014578994351031183
leaf_weight=12.629497292451559 1.8209670521318937 3.3939739167690268 14.880116491578518 0.69580294843763413 0.72005411610007186 26.910523307044059 0.77295223507098743 1.3989778589457262 82.280579735524952 0.70687123469544078 1.3276464901864526 3.8511915197595945 1.5257703792303781 0.83152815885841846 198.33368848136161 1.884167355019599 6.6197313806042057 0.81998075358569611 0.87524144910275969 8.5173916332423669 10.584918535314499 1.4711482245475056 0.99099327810108651 1.1534617617726324 3.146035177633169 2.3120216578245154 1.8334822356700895 1.4444611575454498 1.8785031847655789 4.001860234886407 1.9880877602845428 1.3703178707510231 0.71289824508130539 1.1493959836661805 3.5483819711953393 0.84606436826288678 0.47723600547760725 0.55390112567692806 2.4333861442282796 3.1269554901518859 4.7131773624569178 3.0581286456435919 1.3666605018079279 5.4300210620276621 0.96100796526297871 1.2180516105145214 2.0293653504922986 0.48058565054088809 0.838963707908988 6.411705682054162 2.5533573525026441 0.85465959459543217 0.95385925844311703 1.0014413092285384 2.8530289828777313 1.8772296495735643 1.8170641027390955 2.3173685614019632 3.0632804576307535 2.5912799891084433 1.8802498904988167 2.7412492791190743
leaf_count=1287 110 163 1045 23 18 906 26 31 2277 35 23 160 52 20 4459 79 341 28 43 211 307 31 17 29 59 40 38 34 46 60 37 28 32 32 156 23 23 27 103 113 203 145 26 153 23 38 82 25 31 208 44 16 16 24 61 29 41 39 56 76 30 61
internal_value=-0.00119761 -0.00386215 -0.00892636 0.0224142 0.00895333 0.0300535 -0.000893337 0.0139836 -0.00641003 -0.0123863 -0.00476277 -0.00657771 -0.00588745 -0.0239715 -0.00161987 -0.00281538 -0.00127366 -0.00593795 -0.0323102 0.0217581 -0.000122704 0.0135543 -0.00126798 -0.00315976 -0.00232432 -0.00945885 0.00730026 0.00231502 -0.0018069 0.00142136 0.0132926 0.0136312 -0.00138228 -0.00349124 -0.00612789 -0.018792 0.00902344 -0.0018786 -0.0174742 0.00232671 0.0125533 -0.00932154 0.0169832 -0.00291463 -0.00186267 -0.0170793 -0.0139253 -0.00284187 0.0172112 0.0288796 0.00117612 0.0274352 -0.0153272 -0.00520108 -0.00115514 0.00592519 0.015849 0.0038582 0.0124787 1.77045e-05 0.00677245 -0.001222
internal_weight=466.832 420.245 154.571 46.5873 17.6534 28.934 265.674 11.5208 141.941 45.5117 2.02345 30.6316 10.5216 1.60448 254.153 26.7804 250.759 52.4254 8.64843 9.91637 43.777 5.35483 3.02903 2.0287 38.4222 14.7304 4.1455 23.6917 19.179 17.7346 5.98995 3.96738 2.59707 96.4294 22.813 4.87168 1.3233 17.9413 3.14026 14.8011 7.84013 6.96094 4.5127 95.28 88.8961 2.03803 6.40704 4.37768 1.31955 7.13176 8.70063 2.32581 6.38388 11.7446 10.7432 7.89017 6.01166 4.13443 6.61557 3.55229 7.17486 5.29461
internal_count=13999 12524 6230 1475 523 952 6294 288 4943 2310 46 1265 297 46 6006 1105 5843 1384 413 242 971 130 83 72 841 385 78 456 371 337 97 139 111 2633 966 202 46 764 138 626 316 310 85 2601 2432 66 283 201 56 226 187 47 169 240 216 155 109 80 155 99 135 105
is_linear=0
shrinkage=0.05


Tree=27
num_leaves=63
num_cat=0
split_feature=0 2 1 2 1 1 2 0 1 0 0 1 1 1 2 2 1 1 3 1 4 3 2 1 3 3 1 4 0 0 1 2 1 1 4 3 1 3 1 2 2 0 3 1 1 1 3 3 1 1 1 1 1 3 3 2 3 1 4 3 3 3
split_gain=10.3446 2.25459 3.32354 1.86357 1.8712 1.23535 1.58069 1.55935 1.06492 0.964007 3.32907 1.04381 0.921388 0.877653 0.623794 0.610151 0.582078 0.575324 0.567608 0.8499 0.756674 0.882925 1.15001 0.703559 0.586319 0.812338 0.556033 0.554239 0.550184 0.671279 0.544938 0.526224 0.922102 2.07123 0.524979 0.537118 0.522281 0.519493 0.50227 0.87167 0.586005 0.492806 0.567799 0.480369 1.04352 1.15607 0.728323 0.619172 0.610509 0.46319 0.563119 0.55153 0.617747 0.563505 0.690511 0.54514 0.807957 0.626847 0.530204 0.626651 0.638814 0.553522
threshold=3.5000000000000004 10.500000000000002 0.16650000000000004 10.500000000000002 0.16550000000000004 0.070500000000000021 16.500000000000004 2.5000000000000004 0.030500000000000003 1.0000000180025095e-35 1.5000000000000002 0.071500000000000008 0.11050000000000001 0.16950000000000004 14.500000000000002 9.5000000000000018 0.12150000000000001 0.18550000000000003 10.185 0.20550000000000002 1.0000000180025095e-35 12.315000000000003 9.5000000000000018 0.29350000000000004 9.7750000000000004 7.8600000000000003 0.21550000000000002 3.5000000000000004 1.5000000000000002 2.5000000000000004 0.065500000000000017 9.5000000000000018 0.12550000000000003 0.13750000000000004 2.5000000000000004 12.345000000000001 0.37150000000000005 11.525 0.10450000000000001 14.500000000000002 11.500000000000002 2.5000000000000004 10.565000000000003 0.03450000000000001 0.039500000000000007 0.046500000000000007 15.035000000000002 13.345000000000001 0.052500000000000005 0.26050000000000006 0.26950000000000007 0.24650000000000002 0.24150000000000002 12.525 14.305000000000001 16.500000000000004 10.605000000000002 0.25350000000000006 4.5000000000000009 17.255000000000006 16.695000000000004 13.425000000000002
decision_type=2 2 2 2 2 2 2 2 2 2 2 2 2 2 2 2 2 2 2 2 2 2 2 2 2 2 2 2 2 2 2 2 2 2 2 2 2 2 2 2 2 2 2 2 2 2 2 2 2 2 2 2 2 2 2 2 2 2 2 2 2 2
left_child=1 2 31 4 15 6 -3 9 -5 11 36 -7 27 -4 34 -2 -14 -15 23 20 -20 22 -22 28 25 -25 -21 -12 -19 -30 43 -1 -33 -34 35 37 -11 -9 39 40 -10 42 -28 -8 -45 -46 47 48 -47 51 -51 52 -13 -54 -55 56 -53 -57 59 60 -52 -60
right_child=3 5 13 8 -6 7 30 14 38 10 12 49 16 17 -16 -17 -18 18 19 26 21 -23 -24 24 -26 -27 41 -29 29 -31 -32 32 33 -35 -36 -37 -38 -39 -40 -41 -42 -43 -44 44 45 46 -48 -49 -50 50 58 55 53 54 -56 57 -58 -59 61 -61 -62 -63
leaf_value=-0.034406748523125849 -0.025064053766409994 -0.024739722648883543 0.028288358089402568 -0.012601247333644023 0.022127049740488545 0.037191553294134733 -0.0099375663888545129 -0.0094285605727927879 0.019910012277954397 -0.035997862876991193 -0.025564338077383588 -0.0019028836137577219 0.021174103486225171 -0.021799990868469048 0.021531681617253721 0.0034122593842802994 -0.00090409804101311347 -0.026238968858523771 0.044169593025006136 -0.024473588285474603 -0.013144382676149242 -0.021010177995330465 0.045714305009884923 -0.016019128792635669 -0.02229277718053926 0.019912068472980347 0.014698292475264635 0.011126806755502375 0.019995092808902951 -0.022471333248983278 -0.020968289767659503 -0.026402830721864362 0.040849768648463278 -0.023979305672111737 0.018330991798909641 -0.024011450047218174 -0.0002888812989360505 0.024097281029987427 0.034116403901120737 0.030492815114473899 -0.010762314293597532 0.020910211152056771 -0.0059232686593952942 0.032704993703289852 -0.027508963009107108 -0.017789849507904937 0.023181856356963428 -0.019545544104192375 0.022173471576976828 0.015229684786513398 -0.00079187380927290489 0.0042378397017315758 -0.0062884881785046148 0.040072863852439217 -0.0047450606070578291 -0.017243764914091856 -0.03804966293488532 0.011411110964528778 0.020032847502241775 -0.022199860618797407 0.024176052081856522 -0.001545310276216889
leaf_weight=12.786467982456088 3.4409220397938025 11.940210709610257 0.99287444446235795 1.038064101710918 6.6010252233827487 0.84063221141695876 5.4824445210397306 1.8402136828517535 1.4781119474209861 8.8495041560381633 4.5773435616865745 148.87504146469291 2.2037481395527712 4.0438011810183516 9.3218190079787728 2.8943943120539188 42.951065898640081 6.5620284015312773 0.89048327319324316 1.7851745933294321 0.89498976524919294 1.2541316263377664 0.81273535825312138 1.4787465035915364 1.0218123849481342 3.7087650243192911 2.9537157136946979 0.66482494771480549 1.2193404836580155 0.61258022533729661 2.2495802231132975 5.0157021256163716 1.2202163035981359 1.8013169430196283 1.9670434403233228 1.6939099580049513 1.1609272081404913 1.0126083623617885 21.502460969612002 4.3269876465201378 3.1940044276416302 1.3744330648332823 21.259693790227175 1.9830080717802037 2.035627417266368 0.54222470149397706 3.2937261592596769 2.2658670898526907 1.9558841632679103 6.9490627571940413 52.741048559546471 1.387567108497022 1.5247616134583939 1.6544679719954731 0.98674793727695931 2.5714508295059204 2.548783341422677 3.1222027465701103 5.8297112677246314 2.2468332313001147 1.6903453730046738 5.0251079667359591
leaf_count=1374 151 775 41 32 177 30 172 42 25 505 194 3952 63 187 218 64 940 282 26 67 48 43 14 43 28 82 67 17 43 16 77 334 45 83 45 44 28 17 814 143 69 28 534 51 72 25 70 68 66 127 995 31 34 26 19 57 72 57 90 47 22 91
internal_value=-0.00112775 -0.00358547 -0.011593 0.0215241 0.005035 -0.00189765 -0.0111404 -0.000931443 0.0279247 -0.00176116 -0.0073467 -0.00031864 -0.00186697 -0.00449293 0.0138795 -0.0133626 0.00060883 -0.00568879 -0.00383201 5.74405e-05 0.019393 0.00267545 0.0214052 -0.0116193 0.0012459 0.00873597 -0.00325135 -0.019874 -0.0202557 0.00287405 -0.00214798 -0.0279356 -0.0149725 0.00584894 0.00152033 -0.00774608 -0.032259 0.00563723 0.0296601 0.0166652 0.000740825 -0.000905955 -0.00292453 0.00126313 0.00671916 -0.000874156 0.00814883 -0.00446339 0.0108934 -0.00060721 0.00263607 -0.00209924 -0.00132515 0.0156927 0.0266243 -0.0131193 -0.0253045 -0.00217315 0.00113689 -0.00085983 0.000405651 0.0107558
internal_weight=462.15 417.674 71.689 44.476 12.9363 345.985 31.7486 314.237 31.5396 298.401 60.4074 237.994 50.397 50.8653 15.8356 6.33532 45.1548 49.8724 45.8286 31.2254 3.85234 2.96186 1.70773 14.6033 6.20932 5.18751 27.373 5.24217 8.39395 1.83192 19.8084 20.8237 8.03724 3.02153 6.51378 4.54673 10.0104 2.85282 30.5016 8.9991 4.67212 25.5878 24.2134 17.5588 12.0763 10.0933 8.0577 4.76398 2.49811 237.153 74.4821 162.671 153.041 4.16598 2.64122 9.63 3.93635 5.69365 67.533 56.6782 54.4314 10.8548
internal_count=13999 12524 3385 1475 392 9139 1376 7763 1083 7397 1747 5650 1214 1549 366 215 1003 1508 1321 827 131 105 62 494 153 125 696 211 341 59 601 1836 462 128 148 103 533 59 1051 237 94 629 601 524 352 301 229 159 91 5620 1372 4248 4031 79 45 217 103 114 1245 1064 1017 181
is_linear=0
shrinkage=0.05


Tree=28
num_leaves=63
num_cat=0
split_feature=0 2 1 2 1 1 2 0 1 0 0 1 1 4 1 2 2 3 3 3 3 4 2 4 4 1 3 1 2 1 2 2 1 4 2 1 1 2 2 1 3 3 2 4 2 3 3 2 3 3 1 2 3 3 3 3 3 2 1 4 2 3
split_gain=9.1381 2.00512 3.16642 1.73894 1.68779 1.2288 1.44073 1.29356 1.00992 0.802109 3.39963 0.922434 0.863885 0.863613 0.74416 0.847349 0.594247 0.55286 0.571292 0.615055 0.720459 0.676968 0.509228 0.558061 0.520713 0.782884 0.612588 0.567655 0.465422 0.463308 0.455083 0.450987 0.583723 0.439553 0.560913 0.51678 0.424798 0.654128 0.54552 0.406999 0.386889 0.586904 0.402674 0.382746 0.66182 0.40586 0.62936 1.09212 0.373068 0.367335 0.78217 0.632077 0.548494 0.366818 0.365204 0.737749 0.441296 0.407006 0.36318 0.359905 0.358999 0.346029
threshold=3.5000000000000004 9.5000000000000018 0.19350000000000003 10.500000000000002 0.14550000000000002 0.070500000000000021 16.500000000000004 2.5000000000000004 0.037500000000000006 1.0000000180025095e-35 1.5000000000000002 0.11050000000000001 0.071500000000000008 4.5000000000000009 0.21950000000000003 20.500000000000004 3.5000000000000004 13.295000000000002 16.415000000000003 15.815000000000003 13.895000000000001 1.0000000180025095e-35 24.500000000000004 1.5000000000000002 2.5000000000000004 0.26950000000000007 14.735000000000001 0.35950000000000004 9.5000000000000018 0.37150000000000005 20.500000000000004 4.5000000000000009 0.39450000000000007 2.5000000000000004 5.5000000000000009 0.38450000000000006 0.10450000000000001 14.500000000000002 11.500000000000002 0.07350000000000001 8.1850000000000005 9.6350000000000033 7.5000000000000009 1.5000000000000002 15.500000000000002 15.075000000000001 10.565000000000003 13.500000000000002 14.245000000000003 13.675000000000002 0.13250000000000003 18.500000000000004 13.975000000000003 14.805000000000001 12.315000000000003 10.715000000000002 13.155000000000003 12.500000000000002 0.44450000000000006 2.5000000000000004 16.500000000000004 10.145000000000001
decision_type=2 2 2 2 2 2 2 2 2 2 2 2 2 2 2 2 2 2 2 2 2 2 2 2 2 2 2 2 2 2 2 2 2 2 2 2 2 2 2 2 2 2 2 2 2 2 2 2 2 2 2 2 2 2 2 2 2 2 2 2 2 2
left_child=1 2 -1 4 28 6 -3 9 60 12 29 13 -7 61 15 59 -6 -8 19 20 -19 -22 24 -24 43 26 30 -27 -2 -11 48 32 -4 35 -35 40 37 38 -10 -14 -33 42 -42 45 54 46 47 -13 -26 50 -48 -52 -51 -46 55 -45 -56 -58 -36 -9 -5 -12
right_child=3 5 31 8 16 7 17 14 36 10 11 22 39 -15 -16 -17 -18 18 -20 -21 21 -23 23 -25 25 27 -28 -29 -30 -31 -32 33 -34 34 58 -37 -38 -39 -40 -41 41 -43 -44 44 53 -47 49 -49 -50 52 51 -53 -54 -55 56 -57 57 -59 -60 -61 -62 -63
leaf_value=-0.030161440529565098 -0.03047339174068972 -0.023227444863714527 -0.022031281591292525 -0.022844006774344297 -0.0075330136285371111 0.033037973421552951 -0.013444320280794614 -0.0082061884285536176 0.021003495348611845 -0.035404836147470829 0.0039268133880442299 0.027309852227953735 -0.023562149769764163 0.020263391727242536 0.026231614282151657 0.027865729567568828 0.023348696773917817 0.018141193164540284 -0.014336254584662159 0.02820804760149774 0.014754806080705136 -0.017474451012968958 -0.0095983247322574596 0.019609403457843008 -0.018272799712349706 0.011585691865698342 -0.040871531568940252 -0.014500025564962668 -0.00094296649685004976 -0.0013183828202206233 0.015859184274948285 0.02689513810483456 0.010244829683097048 0.01134427907655022 -0.020099077255797258 -0.016123250733208219 0.033490055031313325 0.029298745735532858 -0.0090784210768715661 -0.0006815309001894801 -0.025598061077621571 0.0094380317931152154 0.0066223193920607231 -0.013848405748980774 0.025266976452176973 0.012423830205484673 0.015213511594622049 -0.022241388537038775 0.010747263234605592 0.019663090820499603 -0.033073785114308189 0.0071411533888511613 -0.012526847999597171 -0.0029818617545585707 -0.030828239549766719 0.023951048384416626 0.017906333911139157 -0.014365893944885201 0.0092551822669304975 0.010651823930509584 0.010172103023614897 -0.030080901583844622
leaf_weight=16.176951299421489 2.0595487039536229 13.295754697173832 4.4309450238943127 0.70361172966659313 1.4400992300361375 0.89380247425287862 6.2498156684450832 7.1687332482033543 1.3805376230739073 9.0162243414670211 0.62167288921773334 2.1000564564019437 0.95997758209705253 0.45326664485037316 5.0759362820535889 1.9319951161742199 6.6879990287125111 3.1162542738020402 2.5726526211947194 1.9880965650081623 1.4668453652411697 4.3481660690158606 1.537569049745797 5.1774494182318449 5.1468405071645957 5.24025440774858 1.377675663679838 2.1618748120963573 2.4833061341196299 1.1950018443167199 0.70973608270287503 1.3498446810990632 1.2236148566007612 1.7813537912443269 5.2311750836670399 1.6379657685756672 20.139171481132507 3.7925220020115376 3.1426845034584403 252.93229598971084 1.450390015728771 10.722632436081765 1.0529338661581276 1.4813831448554995 4.6085297372192144 2.6378744523972282 0.70903055486269106 0.83417980931699265 0.65986458957195271 1.1909045539796355 4.1240748446434736 0.82129213586449612 2.3422558419406414 1.1993227470666168 0.87355864513665471 1.8456435811240224 0.9477769788354633 0.97451131418347359 0.66076399758458126 2.7003480480052531 0.7761494368314743 4.33093420881778
leaf_count=1619 126 929 196 26 31 31 243 155 22 541 29 44 49 9 151 41 183 78 77 40 36 127 30 75 166 93 41 45 52 29 12 40 21 40 173 38 814 134 66 6118 52 269 33 45 77 50 26 23 14 24 128 15 53 23 28 40 22 25 12 52 21 197
internal_value=-0.00103525 -0.00331702 -0.0130803 0.020743 0.00472564 -0.00207534 -0.01113 -0.0011546 0.027151 -0.00188233 -0.00682601 -0.00160323 -0.00061253 -0.019442 0.0119408 0.00422492 0.0176514 -0.00225552 0.00349746 0.00854942 0.00177372 -0.00837246 0.000728213 0.0125443 -0.00140942 -0.00847403 -0.0185005 0.00314806 -0.0174133 -0.0318892 -0.00896248 -0.00304544 -0.014557 0.000155004 -0.00902976 0.00477382 0.0292229 0.0164029 0.00224336 -0.000860144 0.00800652 0.00432368 -0.0140238 0.00279911 0.00910226 -0.0025502 -0.00650724 0.0111502 -0.0138806 -0.0126874 -0.019606 -0.0263174 0.000267369 0.0198524 -0.00245037 0.00780974 -0.0135007 0.00222836 -0.0159418 -0.00254103 -0.00840813 -0.0258696
internal_weight=457.344 414.738 45.7186 42.6056 12.671 369.019 33.0376 335.982 29.9347 319.105 64.3188 54.1075 254.786 5.40587 16.877 11.8011 8.1281 19.7418 13.492 10.9194 8.93127 5.81501 48.7017 6.71502 41.9866 15.2962 7.89412 7.40213 4.54285 10.2112 6.51644 29.5416 5.65456 23.8871 7.67329 16.2138 28.4549 8.31574 4.52322 253.892 14.5758 13.226 2.50332 26.6904 11.9307 14.7597 12.1218 2.93424 5.80671 9.18756 5.6544 4.94537 3.53316 5.80785 6.12287 3.32703 2.79585 1.92229 5.89194 9.86908 1.47976 4.95261
internal_count=13999 12524 2493 1475 392 10031 1530 8501 1083 8102 1904 1334 6198 235 399 248 214 601 358 281 241 163 1099 105 994 371 233 138 178 570 192 874 217 657 225 432 1036 222 88 6167 394 354 85 623 260 363 313 67 180 246 169 143 77 100 160 85 75 47 185 207 47 226
is_linear=0
shrinkage=0.05


Tree=29
num_leaves=63
num_cat=0
split_feature=0 2 1 2 1 1 0 3 1 1 1 3 1 2 2 1 1 1 1 3 3 1 3 2 2 2 1 1 1 1 1 3 1 3 1 2 1 3 4 2 1 2 0 1 3 1 1 3 1 1 4 4 3 1 2 1 3 3 3 3 2 3
split_gain=8.03563 1.77326 2.9187 1.64637 1.51288 0.972172 1.12071 1.00882 0.972146 0.821914 0.805036 0.634057 1.12641 0.790021 0.580046 0.562628 0.693916 0.680629 0.620811 0.574405 0.554478 0.979592 1.2763 0.515475 0.515071 0.513359 0.768282 1.21901 0.514404 0.500257 0.670794 1.19411 1.06277 0.923687 1.002 0.82072 0.648197 0.555418 0.589994 0.566161 0.696616 0.545329 0.506455 0.499795 0.658902 1.1654 0.540632 1.07157 0.58253 1.04771 0.635312 0.607605 0.793745 0.70102 0.614256 0.693764 0.518774 0.494198 0.818331 0.494191 0.514382 0.493439
threshold=3.5000000000000004 10.500000000000002 0.16650000000000004 10.500000000000002 0.16550000000000004 0.20550000000000002 2.5000000000000004 13.675000000000002 0.091500000000000012 0.16950000000000004 0.048500000000000008 13.155000000000003 0.10550000000000001 22.500000000000004 14.500000000000002 0.19150000000000003 0.19650000000000004 0.19850000000000004 0.16850000000000004 10.815000000000003 12.605000000000002 0.18550000000000003 10.715000000000002 15.500000000000002 9.5000000000000018 9.5000000000000018 0.11450000000000002 0.13750000000000004 0.12550000000000003 0.13850000000000004 0.16850000000000004 14.465000000000002 0.17450000000000002 15.455000000000002 0.16550000000000004 24.500000000000004 0.19850000000000004 16.955000000000002 3.5000000000000004 15.500000000000002 0.12350000000000001 26.500000000000004 1.5000000000000002 0.14050000000000004 11.165000000000001 0.085500000000000007 0.13550000000000004 12.315000000000003 0.11250000000000002 0.10850000000000001 3.5000000000000004 1.5000000000000002 12.635000000000003 0.095500000000000015 14.500000000000002 0.06950000000000002 12.715000000000002 12.315000000000003 11.415000000000001 13.245000000000003 26.500000000000004 18.395000000000003
decision_type=2 2 2 2 2 2 2 2 2 2 2 2 2 2 2 2 2 2 2 2 2 2 2 2 2 2 2 2 2 2 2 2 2 2 2 2 2 2 2 2 2 2 2 2 2 2 2 2 2 2 2 2 2 2 2 2 2 2 2 2 2 2
left_child=1 2 25 4 24 7 -7 10 14 -4 59 13 23 15 -5 18 -17 -18 43 -19 21 22 -20 -13 -2 -1 -27 28 -28 37 31 -31 42 34 35 -33 -34 39 41 40 -9 61 -32 44 45 -12 48 -48 49 51 56 57 54 -54 55 -53 -50 58 -46 60 -3 -39
right_child=3 5 9 8 -6 6 -8 29 -10 -11 11 12 -14 -15 -16 16 17 19 20 -21 -22 -23 -24 -25 -26 26 27 -29 -30 30 32 33 36 -35 -36 -37 -38 38 -40 -41 -42 -43 -44 -45 46 -47 47 -49 50 -51 -52 52 53 -55 -56 -57 -58 -59 -60 -61 -62 -63
leaf_value=-0.033287472963977813 -0.02344921564563314 -0.030534903938280917 0.027842814467193777 -0.003872561948794507 0.020160059715498176 0.00051572279226334611 0.02225966396202109 -0.0025937014971532781 0.031804120414303041 -0.0049444652910573044 -0.034077858131399803 -0.014772046268408638 -0.025393983674339607 0.0092739647753117098 0.021568615234440411 -0.036552810503589044 0.020019063644098833 -0.035499653645981934 0.026557814432296514 -0.00028308797528615523 0.021558209409849087 -0.0235960628700486 -0.0077278373432267834 0.013517585076312375 0.0030164697841354843 -0.027022580915714196 -0.0050839656241633592 -0.0225976896688036 0.035387327814202334 0.027395894243968211 -0.035147865340577983 -0.033303241414439896 0.0082855032190082174 0.012537611399558835 0.021051237195352786 0.01000971456601806 -0.014032077436731325 -0.038981598096656897 0.012727363568946996 0.0020513449381184793 -0.033170889748379166 -0.00040347399449825583 0.0043316360935068696 -0.014240171823692721 -0.016212260199493903 -0.0027571036562617631 0.046060697999274501 -0.012912855693041665 -0.024143417036197698 0.03361200858085437 0.017332447414564883 0.026513266280127481 0.024395465312409666 -0.019164743238414349 -0.032972658755457955 -0.015542418140718226 0.0050231960996839596 -0.0042732474627839544 0.030138099451858736 0.0024398743369424842 0.009413403346861797 0.0033560580202291013
leaf_weight=11.288754860870542 3.2704437123611552 6.0791729921475035 1.001039957627653 3.9403310264460769 6.2043487695045769 148.26014622207731 5.17532618381665 6.4769034599885327 20.968620087951422 49.185959457419813 3.2070986223407081 1.5983654242008913 8.6681239923927915 8.9739708425477129 3.5136839896440506 2.2048216136172405 1.0278056580573318 0.97040267754346166 3.7231868375092727 2.8473690552636981 2.7211823435500255 2.4438219617295536 5.6087290327996016 3.3199046505615115 2.871292008087039 3.9033476030454031 0.84971783217042762 1.7464136360213158 1.3209068598225711 6.0556614231318262 2.0601722719147832 3.1945270433498063 13.213684724643828 6.7865779008716345 0.83696483727544535 0.96024597622454155 3.2546749841421834 2.6961247543804343 0.84041025210171927 32.676008297363296 1.7309393109753726 2.0678644180297852 0.83337839692831028 14.682032705895834 0.56733879446983904 10.798813907429574 0.7830885414732609 0.75248580053448677 4.8268165582558131 1.624345933087169 0.79599985666573037 0.57332127355039153 1.6804578106384727 0.53063381649553765 2.6585060926154256 1.6035463353618977 1.6567967638839034 3.2391903353855014 2.8071954371407628 1.5815221564844248 0.45301169715821732 0.66205167211592186
leaf_count=1374 151 400 41 88 177 3067 160 334 877 1508 221 84 266 179 118 67 23 32 81 69 63 78 158 91 64 294 40 83 45 118 58 88 253 130 14 17 71 95 19 829 55 47 17 525 30 423 24 25 169 43 21 32 66 20 102 83 55 133 116 56 10 22
internal_value=-0.000942386 -0.0030536 -0.0102897 0.0199598 0.00425437 -0.00156512 0.00138853 -0.0039532 0.0264053 -0.00375932 -0.00720001 -0.00579272 -0.0154597 -0.00405152 0.00925267 -0.00576197 -0.018333 -0.00520787 -0.00419553 -0.0147449 0.00473176 -0.00053964 0.00719773 0.00338131 -0.0123865 -0.0264009 -0.0138131 0.00216882 0.0229377 0.000126002 0.0043976 0.0111247 -0.00204064 0.00126978 -0.0135853 -0.0232929 0.00332404 -0.00326512 -0.0160074 -0.000976496 -0.0119442 -0.021746 -0.0255851 -0.00668959 -0.00349062 -0.011722 0.00156961 0.0234664 -0.00085316 0.00467318 -0.0116195 -0.000825976 -0.0103555 0.0112288 -0.0204584 0.000392991 -0.017015 0.00935369 0.0204208 -0.0215264 -0.0268825 -0.03178
internal_weight=452.856 412.087 69.2961 40.7687 12.3461 342.791 153.435 189.355 28.4226 50.187 105.009 96.8954 13.5864 83.309 7.45402 74.335 7.0504 4.84558 67.2846 3.81777 14.4969 11.7757 9.33192 4.91827 6.14174 19.1091 7.82039 3.91704 2.17062 84.3462 37.1959 17.834 19.3619 11.7783 4.99174 4.15477 16.4684 47.1503 6.26645 40.8839 8.20784 5.42604 2.89355 52.7877 38.1056 14.0059 24.0997 1.53557 22.5641 15.2845 7.27961 13.6602 7.04647 2.21109 4.83537 2.17687 6.48361 6.61372 3.37453 8.11371 6.53218 3.35818
internal_count=13999 12524 3385 1475 392 9139 3227 5912 1083 1549 3745 3279 441 2838 206 2659 191 124 2468 101 380 317 239 175 215 1836 462 168 85 2167 766 367 399 249 119 105 324 1401 183 1218 389 164 75 2088 1563 644 919 49 870 625 245 582 303 86 217 115 224 279 146 466 410 117
is_linear=0
shrinkage=0.05


Tree=30
num_leaves=63
num_cat=0
split_feature=0 1 2 0 2 1 2 1 1 1 1 1 2 4 3 3 3 1 4 3 4 2 1 1 1 1 2 1 2 2 3 3 2 4 3 3 3 0 3 2 1 1 1 2 1 1 1 3 4 4 1 2 2 1 3 4 3 0 3 1 3 2
split_gain=7.10508 1.61533 2.93756 1.57163 1.52297 1.38012 1.15323 0.999205 0.965038 0.953356 0.950678 1.23709 0.700176 0.686421 0.661681 0.921253 0.659901 0.896916 0.768564 0.737862 0.627892 1.15939 0.758687 0.617934 0.599844 0.786975 0.580456 0.512299 0.633344 0.506631 0.684494 0.518126 0.503211 0.656417 0.493422 0.480435 0.78926 0.929893 0.815498 0.776916 0.677401 1.3727 0.735266 1.11867 0.676797 0.614568 0.737364 0.826135 0.609403 0.809429 0.611596 1.09055 0.906582 0.900579 0.682981 0.481019 0.565841 0.444326 0.442275 0.432694 0.508889 0.427789
threshold=3.5000000000000004 0.23450000000000001 9.5000000000000018 2.5000000000000004 10.500000000000002 0.14550000000000002 14.500000000000002 0.048500000000000008 0.10450000000000001 0.21350000000000002 0.16750000000000004 0.16950000000000004 14.500000000000002 1.5000000000000002 11.195000000000002 12.865 10.335000000000003 0.087500000000000008 1.5000000000000002 8.9950000000000028 1.5000000000000002 6.5000000000000009 0.19850000000000004 0.17150000000000001 0.15050000000000002 0.14250000000000002 4.5000000000000009 0.052500000000000005 12.500000000000002 26.500000000000004 16.865000000000006 17.845000000000002 12.500000000000002 3.5000000000000004 14.155000000000003 12.225000000000003 12.785000000000002 2.5000000000000004 13.515000000000002 28.500000000000004 0.12350000000000001 0.18650000000000003 0.093500000000000014 19.500000000000004 0.085500000000000007 0.20050000000000004 0.22150000000000003 11.465000000000002 2.5000000000000004 3.5000000000000004 0.15550000000000003 18.500000000000004 22.500000000000004 0.19850000000000004 12.715000000000002 2.5000000000000004 13.295000000000002 1.0000000180025095e-35 12.865 0.19150000000000003 9.6350000000000033 15.500000000000002
decision_type=2 2 2 2 2 2 2 2 2 2 2 2 2 2 2 2 2 2 2 2 2 2 2 2 2 2 2 2 2 2 2 2 2 2 2 2 2 2 2 2 2 2 2 2 2 2 2 2 2 2 2 2 2 2 2 2 2 2 2 2 2 2
left_child=1 2 10 29 5 -2 7 -4 12 23 -1 -12 -6 -11 -15 -16 17 -8 19 -19 21 -13 -23 24 25 27 -7 28 -9 -3 34 -32 59 -34 58 45 48 38 40 -40 42 -42 55 -44 -41 -18 47 -47 50 -50 52 53 54 -52 61 56 -38 -27 -31 -25 -61 -37
right_child=4 3 6 -5 8 26 16 9 -10 13 11 20 -14 14 15 -17 35 18 -20 -21 -22 22 -24 32 -26 57 -28 -29 -30 30 31 -33 33 -35 -36 36 37 -39 39 44 41 -43 43 -45 -46 46 -48 -49 49 -51 51 -53 -54 -55 -56 -57 -58 -59 -60 60 -62 -63
leaf_value=-0.032853943722728492 -0.016263601182689835 -0.00071630683235379591 -0.030401066735172979 0.024990590170545862 -0.0021926195637783957 -0.0061643308969276485 -0.019074008550524796 -0.012610007279989253 0.032301380866750266 -0.038050942009223328 0.031858991891737777 -0.021230472290654629 0.023458888189204639 -0.026875843802973438 0.026293942341345224 -0.017305501967744906 -0.011632073154937101 0.019718253942022899 0.027143012153897673 -0.021060114842371597 -0.026644521785138032 -0.010238998420513111 0.036864153313613056 0.014236202550505185 -0.019433707134549727 0.02153141638406875 0.022766807646794535 -0.0091628177761832446 0.037068792772028063 0.015148875272566066 -0.026581511450568352 0.0098332565662129241 -0.00065228349250988956 -0.033000773408046073 0.025772896607974341 0.0072256005200814783 -0.034965028778655559 0.017085576662615384 9.0232215523697575e-05 0.0059588355674806796 -0.037260323678425043 0.0016210015950194464 0.031307592541172172 -0.016710560870045625 -0.029481046492268449 0.033010456365036488 -0.015412023809260581 -0.007272485378644839 -0.020357984153077085 0.014150852569242166 0.053484704133803199 -0.010379947062593658 0.030985927879831246 -0.00051849706704343594 0.018617459781033345 0.0069841151483248281 0.0031860572943035702 -0.0096417353388322108 -0.014037129584400725 0.019027059065555046 -0.0088413486329015061 -0.023951560283072198
leaf_weight=10.68081588111818 4.3786756265908462 139.6013541650027 3.9963594740256658 5.6195792974904171 4.9661216794047522 1.8313044887036083 1.1878925282508115 0.47807122860104101 17.721498318016529 3.0481337417149907 0.61726194061338802 2.4347883798181993 4.367300309240818 1.4359637447632847 1.5639236411079767 1.366412181407213 21.325618339353245 0.98881976678967509 5.2262805290520191 1.5489341039210556 4.8888796800747514 0.81306926999241147 1.2585067655891178 8.0042959265410918 8.7300145548069832 3.0096824485808606 5.906359925866127 30.775878799846396 0.43683458957821131 1.6288084369152769 1.0827642511576416 1.0982092358171938 7.4427769398316723 1.0013497266918419 4.6574787050485611 1.0132268890738472 1.8929196475073724 4.9458146633405695 78.206813552416861 1.5516688972711552 4.8150754189118725 3.5919779865071177 2.0555822048336272 1.2027686834335325 3.2191563816741109 2.0860933484509583 1.7521562706679104 1.6547997854650018 2.5469983313232651 2.3117772582918406 2.1717887306585912 0.94730407930910576 1.2846030537039039 0.99518462549895037 1.1058287452906368 1.4503725003451107 1.2306825704872606 0.93192969169467677 1.5671117305755613 1.184967366978525 5.6325215762481093 2.7889229254797101
leaf_count=1380 178 2993 380 166 109 40 60 42 814 105 27 138 160 51 44 42 662 17 105 46 250 46 40 201 359 99 174 1573 16 25 24 18 204 35 67 29 79 102 1860 34 151 79 54 34 77 39 45 39 72 50 41 25 21 23 27 48 32 40 31 31 150 96
internal_value=-0.000908052 -0.00286733 -0.00530937 0.00114928 0.0191646 0.00398785 -0.00366139 -0.00853688 0.025577 -0.00698804 -0.0229274 -0.0103165 0.0109189 -0.0229416 -0.00726849 0.00673319 -0.00113805 0.0113348 0.0176329 -0.00408869 -0.0158856 -0.00149432 0.0210621 -0.00493018 -0.00833105 -0.00515463 0.0159977 -0.00784727 0.0180809 9.39599e-05 0.01041 -0.0109183 0.00163055 -0.00757647 0.0168973 -0.00197389 -0.000589295 -0.00216569 -0.00328625 -0.001215 -0.0131852 -0.0222416 -0.00204667 0.0138207 -0.0189193 -0.00789194 0.00618354 0.0174158 0.00970215 -0.00432603 0.0161129 0.0290158 0.00469816 0.0404629 -0.00626249 -0.0138017 -0.0228063 0.0137014 0.000902927 0.00702323 -0.00218317 -0.0158687
internal_weight=449.258 410.087 254.831 155.255 39.1713 12.1163 234.138 79.0391 27.0549 75.0428 20.6933 10.0125 9.33342 7.41443 4.3663 2.93034 155.099 8.95193 7.76403 2.53775 9.39524 4.50636 2.07158 67.6283 44.3624 35.6324 7.73766 31.6908 0.914906 149.636 10.0344 2.18097 23.2659 8.44413 7.8534 146.147 119.328 104.163 99.217 82.9776 16.2394 8.40705 7.83233 3.25835 4.77083 26.8187 5.49305 3.74089 15.1656 4.85878 10.3069 4.11428 6.19258 3.16697 4.90798 4.57397 3.1236 3.94161 3.19592 14.8218 6.81749 3.80215
internal_count=13999 12524 9200 3324 1475 392 7319 3372 1083 2992 1881 501 269 242 137 86 3947 228 168 63 474 224 86 2750 2129 1770 214 1631 58 3158 165 42 621 239 123 3719 2934 2550 2448 1971 477 230 247 88 111 785 123 78 384 122 262 89 173 64 152 159 111 139 56 382 181 125
is_linear=0
shrinkage=0.05


Tree=31
num_leaves=63
num_cat=0
split_feature=0 2 1 1 1 2 0 2 1 1 1 1 2 4 3 3 4 3 3 3 1 3 3 1 1 2 1 4 4 1 3 1 1 3 0 1 2 3 3 3 1 3 1 2 1 2 1 1 3 1 1 2 1 1 1 4 2 3 3 3 0 0
split_gain=6.28469 1.4457 1.59795 1.48571 1.3993 2.66604 1.39728 0.97867 0.947236 0.929963 1.0912 0.866666 0.826791 0.588934 0.568248 0.818777 0.533491 0.691019 0.515554 0.805746 0.750681 0.652219 0.990017 1.12552 0.81866 0.608836 0.900233 0.571564 0.96916 0.616347 0.59307 0.825701 0.524239 0.712254 0.510638 0.502127 0.853184 0.648548 0.483814 0.481269 0.605572 0.460464 0.439319 0.425612 0.530591 0.420328 0.415066 0.407155 0.700817 0.467081 0.458586 0.424657 1.01604 0.753632 0.824042 0.453077 0.427617 0.560701 0.405708 0.676465 0.681658 0.386619
threshold=3.5000000000000004 9.5000000000000018 0.21350000000000002 0.11350000000000002 0.23450000000000001 9.5000000000000018 2.5000000000000004 14.500000000000002 0.048500000000000008 0.16750000000000004 0.16950000000000004 0.21350000000000002 14.500000000000002 1.5000000000000002 11.195000000000002 13.875000000000002 1.0000000180025095e-35 10.185 13.845000000000001 14.765000000000002 0.16750000000000004 12.315000000000003 11.815000000000003 0.21250000000000002 0.14050000000000004 10.500000000000002 0.12950000000000003 1.0000000180025095e-35 1.5000000000000002 0.15750000000000003 14.375000000000002 0.16050000000000003 0.17150000000000001 12.105000000000002 2.5000000000000004 0.23850000000000002 10.500000000000002 13.365 10.065000000000003 8.0450000000000017 0.22550000000000003 13.565000000000003 0.15050000000000002 20.500000000000004 0.15150000000000002 2.5000000000000004 0.030500000000000003 0.093500000000000014 11.525 0.096500000000000016 0.071500000000000008 12.500000000000002 0.12250000000000001 0.11450000000000002 0.20450000000000002 1.0000000180025095e-35 13.500000000000002 8.4050000000000029 12.895000000000001 13.155000000000003 1.0000000180025095e-35 1.0000000180025095e-35
decision_type=2 2 2 2 2 2 2 2 2 2 2 2 2 2 2 2 2 2 2 2 2 2 2 2 2 2 2 2 2 2 2 2 2 2 2 2 2 2 2 2 2 2 2 2 2 2 2 2 2 2 2 2 2 2 2 2 2 2 2 2 2 2
left_child=4 2 -2 12 5 9 35 8 -7 -1 -11 18 38 -13 -15 -16 17 -12 21 27 -21 22 23 47 -24 26 -23 -20 29 -29 42 -32 -26 -34 61 36 -6 -38 -3 -18 -41 -40 -30 44 -36 -37 -14 48 -10 -49 -50 53 -53 -51 55 -55 -54 -58 -27 60 -60 -9
right_child=1 3 -4 -5 6 7 -8 34 11 10 16 13 46 14 15 -17 39 -19 19 20 -22 25 24 -25 32 58 -28 28 30 -31 31 -33 33 -35 43 45 37 -39 41 40 -42 -43 -44 -45 -46 -47 -48 49 50 51 -52 52 56 54 -56 -57 57 -59 59 -61 -62 -63
leaf_value=-0.032303545417841452 -0.016779816381530987 -0.023214424880673438 0.024125440021280278 0.032394312750092073 0.041445419746760664 -0.029694634326469783 0.023973576460907756 -0.00050651863138083777 -0.030510072612157463 0.030046308104542133 -0.019003738149301879 -0.036073613669220454 -0.0061191963908084623 -0.02560768665506909 0.01912504355821977 -0.024084158223761074 0.007994140614027213 0.02407071698299252 -0.012419077958000707 -0.021336203277585741 0.0096180573720498364 -0.022684654936769397 0.026787465137299939 0.035683673729032951 -0.023922592061227078 -0.029578301983993721 0.020749350600082109 0.050271166020077362 0.006899744994675207 0.0024209279328183068 -0.012848618453895953 0.034869609999267123 -0.013389467437901904 0.028426608206855299 -0.0076848327611226223 -0.018806672284414305 -0.01643695540215508 0.016490724177262283 0.011177455761559893 -0.031451540489355431 0.0029683033735838603 -0.014675078525171326 -0.026089529780338062 0.025919577477855837 0.01952975628721617 -9.2131778607334832e-05 0.028726003534822145 0.021319060682056724 0.027712473491489888 -0.025345399664402246 -0.013583106959963041 0.0095234652755828708 -0.035743751876857917 -0.011764504844442669 -0.028733101802299016 0.010501739835893297 0.019854879675676423 -0.016774178708103184 0.024261536134523306 -0.018893279204210661 -0.01872166732772668 -0.0069599066320464439
leaf_weight=10.003412935882809 4.982434978708624 1.015891188755633 2.9735157191753387 17.48672666400671 0.95101690292358299 3.7772573539987198 5.3887360310181966 118.99183555645868 3.3170517012476983 0.60546070151030917 0.71515012346207907 2.9364097563084206 0.65849751606583584 1.3898347058930083 2.295955086126924 0.67444913089275349 0.83875248208641995 1.1189852142706511 1.133577031083403 3.7202829569578162 2.5756069086492062 1.0120608862489455 3.555721389129757 0.51740711741149326 1.032788700424135 5.2223853264003974 1.9723108513280747 1.6276433551684024 1.240385899320245 1.046815240755677 0.8339784545823935 1.2595738321542738 1.1918625067919495 1.0219644419848917 4.0435351781743512 2.065083034336566 1.8691540686413648 2.1258446592837572 5.1691619090270251 5.1576389959082007 1.4079248616471884 1.4381924364715812 1.2282980326563118 2.0096570923924446 1.7923305183649061 142.55824201367795 3.9403502307832241 0.55117486324161546 0.39642998576164235 1.883209441788497 0.45365775469690561 2.491692602139663 3.1546017462387681 1.9400617582723469 0.87635714560747224 11.13257822440937 0.46938667260110412 3.2909475987544283 1.5672515025362375 4.8669749265536666 0.55550324823707331 27.888975617825054
leaf_count=1380 195 30 89 849 26 380 166 2921 275 27 42 105 17 51 64 22 49 46 41 165 50 66 150 10 50 235 62 53 52 22 37 21 38 22 80 80 49 39 98 291 46 35 36 45 41 2964 162 28 22 101 29 94 135 78 29 394 11 134 68 213 29 860
internal_value=-0.000842601 0.0184273 -0.000504843 0.0233487 -0.00266336 -0.00494971 0.00107425 -0.00340067 -0.00792155 -0.0220949 -0.00969863 -0.00643768 0.00893542 -0.0217547 -0.00718075 0.00571921 -0.0149836 0.00649624 -0.00447821 0.00362434 -0.0090904 -0.00676828 -0.00303638 -0.00691859 0.0130136 -0.0151699 0.00402337 0.0131375 0.0181625 0.037298 0.00225615 0.0178521 -0.00482734 0.00875272 -0.00107919 9.5489e-05 0.014337 0.000878335 -0.00157979 -0.0204443 -0.0246538 0.00436089 -0.0123036 0.0106024 0.00230765 -0.000486669 0.0235348 -0.00878331 -0.0218226 -0.0059405 0.0102446 -0.00732561 -0.0151875 -0.00202973 0.00260293 0.00659612 -0.02417 -0.00899152 -0.0198099 -0.0097228 0.0106201 -0.00177063
internal_weight=445.41 37.6648 7.95595 29.7088 407.745 252.787 154.958 232.94 78.2134 19.8473 9.84391 74.4362 12.2221 7.29665 4.36024 2.9704 9.23845 1.83414 67.1395 14.6662 6.29589 52.4734 37.2769 30.4746 6.80234 15.1965 2.98437 8.37027 7.23669 2.67446 4.56224 2.09355 3.24662 2.21383 154.726 149.569 4.94602 3.995 7.62325 7.40432 6.56556 6.60735 2.46868 7.84552 5.83587 144.623 4.59885 29.9571 4.16714 25.79 0.850088 25.2388 9.40663 15.8322 13.949 13.0726 6.91494 3.76033 12.2121 6.98973 2.12275 146.881
internal_count=13999 1475 284 1191 12524 9200 3324 7319 3372 1881 501 2992 342 242 137 86 474 88 2750 477 215 2273 1600 1340 260 673 128 262 221 75 146 58 110 60 3947 3158 114 88 163 386 337 133 88 166 121 3044 179 1330 326 1004 51 976 374 602 501 472 280 145 545 310 97 3781
is_linear=0
shrinkage=0.05


Tree=32
num_leaves=63
num_cat=0
split_feature=0 1 2 2 1 1 0 2 2 1 0 0 1 3 3 2 2 3 3 1 1 3 2 1 1 2 4 1 1 3 2 1 1 4 3 4 1 2 4 2 3 3 3 3 3 1 4 3 3 1 3 2 3 1 0 1 1 4 3 1 2 2
split_gain=5.57358 1.36017 1.68176 1.29786 2.35418 0.821805 0.737638 0.727373 0.674203 1.39064 0.637872 3.39406 0.623603 1.0736 1.2674 0.593542 0.585934 0.552764 0.547934 0.677989 0.976605 0.751677 0.994954 0.491461 0.682921 0.521093 0.499726 0.484748 0.480917 0.415912 0.385509 0.380505 1.16639 1.09583 0.558692 0.37037 0.54719 0.353685 0.402712 0.351966 0.422521 0.508239 0.540335 0.791113 0.862591 0.960907 0.342451 0.333048 0.605775 0.51713 0.512934 0.420705 0.39467 0.453296 0.444083 0.337867 0.535136 0.52842 0.465249 0.502709 0.383818 0.338824
threshold=3.5000000000000004 0.16550000000000004 9.5000000000000018 10.500000000000002 0.12550000000000003 0.039500000000000007 2.5000000000000004 4.5000000000000009 17.500000000000004 0.090500000000000011 1.0000000180025095e-35 1.5000000000000002 0.052500000000000005 13.245000000000003 14.155000000000003 17.500000000000004 14.500000000000002 13.675000000000002 9.0550000000000015 0.13750000000000004 0.18550000000000003 13.345000000000001 9.5000000000000018 0.20550000000000002 0.21550000000000002 9.5000000000000018 1.0000000180025095e-35 0.37150000000000005 0.37750000000000006 10.065000000000003 11.500000000000002 0.052500000000000005 0.092500000000000013 2.5000000000000004 11.645000000000001 3.5000000000000004 0.059500000000000004 11.500000000000002 2.5000000000000004 19.500000000000004 15.815000000000003 15.535000000000002 14.805000000000001 13.675000000000002 12.925000000000002 0.33550000000000008 1.0000000180025095e-35 9.8150000000000031 9.6850000000000005 0.40850000000000003 10.185 7.5000000000000009 10.565000000000003 0.33150000000000007 2.5000000000000004 0.24850000000000003 0.26750000000000007 1.5000000000000002 12.475000000000003 0.23450000000000001 6.5000000000000009 6.5000000000000009
decision_type=2 2 2 2 2 2 2 2 2 2 2 2 2 2 2 2 2 2 2 2 2 2 2 2 2 2 2 2 2 2 2 2 2 2 2 2 2 2 2 2 2 2 2 2 2 2 2 2 2 2 2 2 2 2 2 2 2 2 2 2 2 2
left_child=3 2 -2 4 -1 15 10 -3 9 -8 12 27 13 -5 17 -4 29 -15 28 21 -21 22 -20 25 -25 26 -22 -12 -6 -7 -11 33 35 34 -13 36 -33 -31 -39 40 41 42 43 44 -34 -46 -41 48 49 51 -49 -26 53 -52 55 57 -57 60 -59 -60 -54 -58
right_child=1 7 5 6 18 16 8 -9 -10 30 11 31 -14 14 -16 -17 -18 -19 19 20 23 -23 -24 24 47 -27 -28 -29 -30 37 -32 32 39 -35 -36 -37 -38 38 -40 46 -42 -43 -44 -45 45 -47 -48 50 -50 -51 52 -53 54 -55 -56 56 61 58 59 -61 -62 -63
leaf_value=-0.029271904448847166 -0.021111855828507213 -0.0025123550770890235 -0.026572838694345152 -0.027618128743293415 -0.019377339633403254 -0.011419820059223363 -0.033932404980424227 0.031290857154593919 0.020992977825603831 -0.0096834018141521427 -0.034537628064124706 -0.010742268752148582 -7.6144377475690348e-05 -0.0036705055986296763 -0.014964342309269352 0.014689925581622257 0.029886343874153232 0.033838045903321796 -0.011501225173953911 -0.019403778935050499 0.018916193063592723 -0.016154261710158938 0.050956783405877185 -0.025185744483294588 -0.02290321065917689 0.0244577478576323 -0.018603623559455922 -0.00023091440279427583 0.0093327860907428829 0.022165959577158521 0.013168287164997561 0.0044603329940772363 0.00020687944285915132 -0.022214182618897415 0.035274245508915912 0.0065449729656226422 -0.036667647415668476 -0.0081141399754698449 0.019878803786631462 -0.012225512002490892 -0.019461368387214413 0.024560824987161608 -0.023439340979274637 0.013911227490920644 -0.037186890010576221 0.008742286822629711 0.0095147008839245248 -0.022510851968524821 0.034118564553001877 0.021185544138647375 0.025252719391592807 0.0096123610549098872 -0.0039299695194791899 -0.0075811042933474878 0.018893824998629839 -0.027142773194533312 0.0067332793229472531 -0.022441551946427146 -0.012165528963741831 0.0267610216123398 0.030899243950878071 -0.0087406229431264207
leaf_weight=10.691925273742525 3.1226273537613478 1.6114238891750599 1.1970407404005552 4.6905113393440825 7.7743543111719173 1.3092942591756562 1.3527151281014109 14.807638579048215 5.8657907115411936 1.5654148608446101 9.1830431092530471 0.34310178086161602 245.71634845086373 1.215784249827266 4.4193038381636143 0.63032384030520905 5.8137652631849042 1.8960415404289959 0.48492534039541968 7.0369704421609631 0.46906661242246528 0.3800195725634693 0.97908890619874001 2.0098470626398912 1.6392121445387635 2.7428234918043017 1.3520093085244296 1.1605340093374241 1.1271304190158842 3.8922872897237539 7.6390054719522595 0.76440432388335411 18.48058928502725 0.74876378942280997 2.1235255936626345 0.47995457332581271 2.973235534504056 2.8747387202456598 0.92700249701738346 1.2209623418748368 2.2863383926451197 0.89684239774942298 1.7094168979674567 6.6102863047271958 2.539506533183157 1.2044011913239954 12.36471883766353 1.8437468474730874 0.87635088525712479 0.76322979480028141 1.8940786933526426 0.88829928264021862 0.88963588327170073 1.0691674947738645 1.2199210207909335 2.0559528134763232 4.4705507326871148 1.337727624922991 0.80397218279540517 0.67947630397975445 1.3357722945511339 9.441621804609893
leaf_count=1299 151 34 44 337 410 40 51 725 147 36 606 27 6024 46 166 20 283 52 69 484 25 20 30 85 57 59 83 28 22 83 184 38 489 38 85 14 157 75 20 26 56 13 46 143 92 21 217 61 17 11 46 24 29 22 27 63 98 47 28 16 33 220
internal_value=-0.000804567 0.0177265 0.00823933 -0.00249693 -0.00884388 0.0146303 -0.00123573 0.0280195 0.00879411 0.000786153 -0.00177122 -0.00615445 -0.000645638 -0.0112236 0.00102765 -0.0121782 0.0184974 0.0218549 -0.00446507 -0.00214829 -0.00357646 0.0216159 0.0339972 -0.000204313 -0.00244014 0.013583 -0.00565981 -0.0310481 -0.0151666 0.00889073 0.00871377 -0.000978514 -0.00212167 0.0134993 0.0276211 -0.0245579 -0.0290903 0.013263 0.00142997 0.000345251 -0.00239951 -0.000597148 -0.00209104 -8.22253e-05 -0.00466411 -0.0236834 0.00685665 -0.000238842 0.0114335 -0.00115142 -0.00238113 -0.0119902 -0.000105184 0.0144823 -0.00258891 -0.00463759 -0.00809627 0.00583526 -0.00771072 0.0092606 0.0200742 -0.00365014
internal_weight=441.894 36.1861 19.7671 405.707 66.2569 16.6445 339.451 16.4191 16.4229 10.5571 323.028 65.0896 257.938 12.2216 7.53113 1.82736 14.8171 3.11183 55.565 46.6635 44.8194 1.84403 1.46401 37.7825 33.2186 4.5639 1.82108 10.3436 8.90148 9.00332 9.20442 54.746 51.5307 3.21539 2.46663 4.21759 3.73764 7.69403 3.80174 47.3131 33.7274 31.441 30.5442 28.8348 22.2245 3.74391 13.5857 31.2087 4.16709 3.29074 27.0416 2.52751 25.1979 2.96325 22.2346 21.0147 15.9681 5.04658 2.82118 1.48345 2.22541 13.9122
internal_count=13999 1475 716 12524 3385 565 9139 759 418 271 8721 2096 6625 601 264 64 501 98 2086 1654 1535 119 99 1051 884 167 108 634 432 218 220 1462 1312 150 112 209 195 178 95 1103 860 804 791 745 602 113 243 799 109 92 690 81 629 68 561 534 381 153 91 44 62 318
is_linear=0
shrinkage=0.05


Tree=33
num_leaves=63
num_cat=0
split_feature=0 1 2 1 2 0 2 1 1 2 1 1 1 4 3 1 4 3 3 3 2 4 1 3 0 1 1 2 1 3 3 1 3 1 3 3 4 3 0 2 1 4 1 1 3 1 2 1 4 3 2 2 3 3 3 3 3 3 3 3 3 4
split_gain=4.94864 1.31639 1.3547 1.16264 2.1352 1.17257 1.05809 0.937515 0.987323 0.900847 0.826615 0.771861 0.74321 0.511211 0.50566 0.745629 0.603216 0.645839 0.48525 0.719717 0.474959 0.920344 0.56865 0.444877 0.762332 0.576658 0.787433 0.493946 0.824223 0.725311 0.903021 0.701359 0.580677 0.552816 0.598152 0.855678 1.15455 0.694619 0.663705 0.479509 0.426722 0.422036 0.729058 0.446472 0.414453 0.412001 0.422529 0.39833 0.38901 0.404798 0.381577 0.381119 0.582144 0.443649 0.401544 0.382258 0.373438 0.508153 0.777759 0.755182 0.829194 0.567054
threshold=3.5000000000000004 0.12950000000000003 14.500000000000002 0.23450000000000001 9.5000000000000018 2.5000000000000004 7.5000000000000009 0.16750000000000004 0.16950000000000004 14.500000000000002 0.048500000000000008 0.21350000000000002 0.21550000000000002 1.5000000000000002 10.335000000000003 0.087500000000000008 1.5000000000000002 8.9950000000000028 11.195000000000002 13.875000000000002 6.5000000000000009 1.5000000000000002 0.19850000000000004 13.845000000000001 1.0000000180025095e-35 0.052500000000000005 0.092500000000000013 12.500000000000002 0.11250000000000002 10.675000000000002 12.165000000000001 0.18250000000000002 12.135000000000003 0.11950000000000001 11.905000000000003 12.635000000000003 2.5000000000000004 11.715000000000002 1.5000000000000002 12.500000000000002 0.17150000000000001 1.5000000000000002 0.14250000000000002 0.12450000000000001 14.335000000000003 0.14850000000000002 10.500000000000002 0.030500000000000003 1.0000000180025095e-35 8.0450000000000017 9.5000000000000018 26.500000000000004 16.865000000000006 17.845000000000002 14.155000000000003 12.865 11.195000000000002 10.605000000000002 10.295000000000002 10.065000000000003 9.5350000000000019 2.5000000000000004
decision_type=2 2 2 2 2 2 2 2 2 2 2 2 2 2 2 2 2 2 2 2 2 2 2 2 2 2 2 2 2 2 2 2 2 2 2 2 2 2 2 2 2 2 2 2 2 2 2 2 2 2 2 2 2 2 2 2 2 2 2 2 2 2
left_child=3 2 50 4 7 51 12 -1 -9 10 -6 23 -3 -13 15 -11 17 -17 -15 -20 48 22 -22 25 41 39 -27 33 29 -29 -31 -30 -33 -28 37 38 45 56 -36 -12 -26 43 -43 -25 -45 -37 -47 -4 -10 -50 -2 -5 54 -54 55 -53 57 58 59 60 -35 -59
right_child=1 6 47 5 9 -7 -8 8 20 14 11 13 -14 18 -16 16 -18 -19 19 -21 21 -23 -24 24 40 26 27 28 31 30 -32 32 -34 34 35 36 -38 -39 -40 -41 -42 42 -44 44 -46 46 -48 -49 49 -51 -52 52 53 -55 -56 -57 -58 61 -60 -61 -62 -63
leaf_value=-0.031354441118083651 -0.023491439150009386 -0.012956911752168614 -0.0057940440116815567 -0.00052760867853349127 -0.028604571712463667 0.022626100252668906 0.03105789758729742 0.029417255617701622 0.0037743490384602404 -0.018013616723548422 -0.0095254483410091989 -0.03432314792492782 0.020427961779421248 -0.024288505345314626 -0.0016208986504003141 0.018473684636345519 0.024047173167009172 -0.019749689522042233 0.017367480411510879 -0.023167221110951135 -0.0090657906451242498 -0.018830868038822075 0.031752192441836406 0.034922340463057922 -0.02665620025474626 -0.022082671191618233 -0.013999037237998575 -0.01993037986378858 -0.023276980662670185 0.038259254861734496 -0.0085751161402472693 -0.01242587961769857 0.016675476252401698 0.011446586314524771 -0.035530942080937766 0.037382606892196683 -0.022971968800812443 0.036094042851020129 0.0067027533780288015 0.038471733817287954 0.0046753365736016015 -0.018245431967465239 0.011906685923241549 0.020268750299194432 -0.0079571951998268411 0.019715930454756534 -0.011920429097256444 0.028554370237478234 0.0041396828278493971 -0.035325856361348253 -0.0007421188242277228 0.014090179839503017 -0.024828164646100142 0.0089232093652894424 0.023244584198534302 -0.013075792642425652 -0.010246329696378394 0.032100086233298755 -0.026523151736769279 0.034423954048157623 -0.023257478131782826 -0.0091858024429996472
leaf_weight=8.8916691113263386 1.401542356237768 2.5283010294660953 0.64586788043379684 139.27671121992171 3.4500412289053193 5.0525905257090917 15.438265799079089 0.60178741253912349 0.82867747265845348 1.1363969566300491 0.33285532239824434 2.830985141452401 2.1922350851818919 1.3429374746046958 144.97439476073487 0.99328249692916903 5.2829370722174644 1.5165650052949784 2.3293422944843774 0.65759097971022118 0.78193050716072354 2.4778353869915009 1.3338127098977564 1.5584520874544958 1.8348185643553727 6.6951616555452338 4.7564565334469107 0.70372343063354792 9.3472215239889902 1.4684841167181732 1.2470015781000254 3.154127885674824 1.9190688822418449 3.8093111319467443 2.1315126018598671 1.023411429487169 1.3648192659020422 1.1020852811634529 0.92972362041473378 0.32745867036283016 1.3443085271865127 2.2518595932051539 4.2286262307316065 1.3512285277247431 2.0576829444617033 1.0485178846865895 1.2349564954638479 4.3461179230362177 0.5458369413390759 2.9173089722171426 8.231773804931434 1.6117337979376301 1.0883072428405287 1.0958356559276579 4.6080950740724802 1.5708413384854791 2.4788786107674232 2.3016746710054581 1.042073489166796 1.0211669467389581 1.6828058660030363 0.61546241817995895
leaf_count=1380 110 63 17 2993 380 166 825 27 47 60 32 105 64 51 3719 17 105 46 64 22 46 122 40 72 96 518 255 36 410 45 57 103 49 118 88 37 53 33 27 14 30 122 84 25 48 25 44 209 35 184 187 25 24 18 67 31 92 75 44 29 62 27
internal_value=-0.000781027 0.0170435 0.00511043 -0.0023557 -0.00446082 0.00105168 0.0250502 -0.0204166 -0.00815303 -0.00310811 -0.00748721 -0.00612579 0.00340789 -0.0207058 -0.00088368 0.0100436 0.0157184 -0.00366914 -0.00703318 0.00487104 -0.013416 -0.00134826 0.0185988 -0.00426857 0.00326307 -0.00641936 -0.00723761 -0.00456097 -0.0107526 0.00932706 0.0202326 -0.0158098 -0.000484396 -0.0001602 0.00334289 -0.00724481 0.00618203 0.00926305 -0.0242121 0.0231123 -0.015459 0.00928651 0.000390887 0.0188815 0.00529062 0.0207545 0.00418666 0.023885 -0.0236366 -0.0295717 -0.00594986 0.000175595 0.00914773 -0.0104101 0.0151913 0.000761256 0.00455641 0.00864798 0.000943179 0.00828286 -0.00113139 0.0232682
internal_weight=438.346 34.7841 14.6253 403.562 249.258 154.304 20.1588 18.3789 9.48719 230.879 76.9758 73.5258 4.72054 7.16086 153.904 8.92918 7.79278 2.50985 4.32987 2.98693 8.8854 4.59358 2.11574 66.3649 14.627 51.738 51.0776 44.3825 17.8396 3.41921 2.71549 14.4204 5.0732 26.5429 21.7864 7.73294 4.67171 14.0535 3.06124 0.660314 3.17913 11.4478 6.48049 4.96736 3.40891 3.30689 2.28347 4.99199 4.29182 3.46315 9.63332 149.252 9.97481 2.18414 7.79067 3.18258 12.9514 10.4725 7.55536 6.51328 5.49212 2.91714
internal_count=13999 1475 523 12524 9200 3324 952 1881 501 7319 3372 2992 127 242 3947 228 168 63 137 86 474 208 86 2750 477 2273 2227 1709 700 138 102 562 152 1009 754 274 159 480 115 46 126 351 206 145 73 106 69 226 266 219 297 3158 165 42 123 56 447 355 253 209 180 102
is_linear=0
shrinkage=0.05


Tree=34
num_leaves=63
num_cat=0
split_feature=0 1 2 2 1 2 1 2 0 0 0 1 1 2 1 2 3 3 3 1 1 1 3 3 3 1 3 1 2 1 2 1 1 4 3 3 1 1 3 2 4 1 2 1 2 4 3 2 1 1 1 1 3 3 3 3 3 1 2 3 3 4
split_gain=4.38704 1.22724 1.28774 1.05296 2.02549 1.00974 0.623425 0.981422 0.766372 0.60487 2.30245 0.563145 0.56067 0.544669 0.494911 0.465852 0.460585 0.658006 0.838407 0.661257 0.508694 0.816335 0.572653 0.529075 0.502469 0.543064 0.466492 0.441153 0.425768 0.817473 0.411163 0.497415 0.854665 0.463832 0.403563 0.632895 0.629515 0.606035 0.466454 0.414851 0.802914 0.570881 0.432395 0.495006 0.619616 0.413434 0.394809 0.390943 0.385721 0.379181 0.81156 0.898811 0.59252 0.641276 0.447625 0.803792 0.391893 0.368528 0.465627 0.367343 0.362475 0.325573
threshold=3.5000000000000004 0.13850000000000004 14.500000000000002 10.500000000000002 0.16650000000000004 4.5000000000000009 0.070500000000000021 16.500000000000004 2.5000000000000004 1.0000000180025095e-35 1.5000000000000002 0.092500000000000013 0.16950000000000004 9.5000000000000018 0.065500000000000017 11.500000000000002 15.105000000000002 13.595000000000001 13.365 0.18550000000000003 0.20450000000000002 0.22550000000000003 12.195000000000002 8.1850000000000005 10.185 0.19650000000000004 11.755000000000001 0.045500000000000006 20.500000000000004 0.25350000000000006 9.5000000000000018 0.11450000000000002 0.13750000000000004 2.5000000000000004 9.4150000000000009 12.525 0.29950000000000004 0.23850000000000002 7.8600000000000003 5.5000000000000009 1.5000000000000002 0.34150000000000008 9.5000000000000018 0.29750000000000004 7.5000000000000009 1.5000000000000002 11.715000000000002 25.500000000000004 0.030500000000000003 0.03450000000000001 0.039500000000000007 0.046500000000000007 15.035000000000002 13.345000000000001 14.555000000000001 13.515000000000002 11.875000000000002 0.23450000000000001 20.500000000000004 10.065000000000003 15.975000000000003 2.5000000000000004
decision_type=2 2 2 2 2 2 2 2 2 2 2 2 2 2 2 2 2 2 2 2 2 2 2 2 2 2 2 2 2 2 2 2 2 2 2 2 2 2 2 2 2 2 2 2 2 2 2 2 2 2 2 2 2 2 2 2 2 2 2 2 2 2
left_child=3 2 13 4 30 -3 7 -5 9 -8 28 47 -6 -2 49 -10 17 18 19 -14 24 22 23 -22 25 -21 -26 -15 -11 -30 -1 -32 33 -33 36 37 -23 -36 -38 41 46 45 43 -42 -45 -39 -41 -12 -4 54 -51 -52 53 56 55 -9 -53 58 61 -29 -56 -17
right_child=1 5 48 6 12 -7 8 14 15 10 11 -13 16 27 -16 57 -18 -19 -20 20 21 34 -24 -25 26 -27 -28 59 29 -31 31 32 -34 -35 35 -37 38 39 -40 40 42 -43 -44 44 -46 -47 -48 -49 -50 50 51 52 -54 -55 60 -57 -58 -59 -60 -61 -62 -63
leaf_value=-0.03071164155559853 -0.025346456271944706 -0.0072909394073311651 -0.0055698582268668617 -0.019938161008558553 0.023548676335527874 0.028540558677386543 0.00015520469826704495 -0.015924941612741699 -0.010383413538254879 -0.034483975545106675 -0.029254967800305728 0.00021299664695093981 -0.023963035529308695 -0.021741563309644194 -0.01933334172592658 -0.0052293748398689098 0.014693410615424533 -0.022728473806391813 0.026371644587520972 -0.024745003046972004 0.0073730837837113847 -0.024827513308391801 0.0050896086079495473 -0.039198587845429261 0.035332823840177545 0.013919842310053996 -0.00119769419385475 -0.014126128726935264 -0.025743742254694203 0.017757638270953401 -0.02382760224931221 -0.00079159474882008337 -0.020760032873076047 0.035973488511318159 0.027510252918573671 -0.013851794183026567 -0.013811898218495655 0.011797252975751064 0.015756720299814585 -0.027868443841327469 0.012483127892749652 0.026776592691365377 0.016549411189990138 -0.032005922946695096 0.0053724440910940746 -0.019606525061850184 0.0032003733555045727 0.0084557761619127557 0.028288778163764707 0.029521485790272063 -0.02429708657638532 -0.0093870042926288699 0.021216039096628531 -0.019222756286900441 -0.03259576998910628 0.024064305884284126 0.022513460455461643 0.027046600524705262 0.025470369605702776 0.0099001803293503037 0.0018425227159379659 0.014131349829325807
leaf_weight=8.2414879156276566 1.5510977609083045 1.8113532476127172 0.64872417971491714 9.9005716196261364 0.95335075166076322 16.450830744113773 236.09136320650578 1.6094442671164935 1.5875008609145869 6.0548286372795683 1.7439309945330017 47.123908762354404 2.9744191961362949 0.80686605162918379 2.1611535279080263 5.6500338762416487 2.2016165535897008 3.7458301410078993 1.3270565019920457 0.836625033058225 0.39830143842846144 3.0778941391035941 1.0433569010347126 2.4728268329054117 1.4457901269197466 0.89273208193480968 1.2609925027936695 1.0730094369500873 1.3181764381006362 1.086111608892679 3.2650897568091741 1.6818256163969643 1.6444808337837455 0.6664668871089815 1.7803710401058257 4.1585743110626927 1.402485697064549 1.218929643742743 2.0517937149852514 2.5505981445312496 1.8645356185734252 2.3290607053786516 3.7553487084805965 1.3022513817995787 1.6702249515801668 1.0364633630961178 1.1707879956811664 0.42041400261223305 4.3898995835334063 2.0371347842738023 1.8872468341141919 0.83484413288533721 3.3111031204462051 2.247778782621026 1.2147113475948574 1.4590776693075893 1.5736834756098685 2.9603244345635167 1.6965829506516454 6.7596014826849569 1.0114968251436947 2.2321914350613952
leaf_count=1374 119 44 17 775 41 862 5650 68 37 431 102 1103 166 36 77 126 44 113 27 52 17 129 33 118 54 37 48 30 73 29 294 66 83 19 54 112 42 33 47 69 53 35 81 40 37 40 27 9 227 51 72 39 70 68 43 29 52 118 42 140 32 43
internal_value=-0.000751488 0.0163647 0.0053535 -0.00221587 -0.00802231 0.0247926 -0.00108616 -0.00793617 -0.000412016 -0.000973846 -0.00551387 -0.0011536 -0.00285064 -0.00504063 -0.00111648 0.0105661 -0.00384548 -0.0050324 -0.00296332 -0.00452949 -0.00241775 -0.0046151 -0.0234857 -0.0325022 0.0118849 -0.00699826 0.0225826 0.000856246 -0.0281118 -0.00664871 -0.0231841 -0.0119523 0.000586087 0.0172702 -0.00140941 0.00182646 -0.0114629 0.00584357 0.00334585 0.0021513 -0.0027705 0.0135 0.00574588 -0.00404003 -0.0149378 -0.00422397 -0.0194863 -0.0215725 0.023729 0.00211134 0.00692387 -3.68121e-05 0.0077784 -0.00383862 -0.00808029 0.004331 0.0119462 0.0137894 0.00752284 0.00538208 -0.0212274 0.00122714
internal_weight=435.127 33.4914 15.2292 401.635 64.4216 18.2622 337.214 29.2482 307.965 293.839 57.7474 49.2883 48.9222 10.1906 19.3477 14.1266 47.9689 45.7673 42.0214 40.6944 37.7199 33.2838 3.91449 2.87113 4.43614 1.72936 2.70678 8.63948 8.45912 2.40429 15.4994 7.25786 3.99277 2.34829 29.3693 22.8371 6.53217 18.6786 3.45428 16.8982 12.3137 4.58445 8.59236 4.83701 2.97248 2.25539 3.72139 2.16434 5.03862 17.1865 11.8918 9.85466 7.96741 4.65631 5.29473 3.06852 2.40853 12.5391 9.57881 7.83261 2.22621 7.88223
internal_count=13999 1475 569 12524 3385 906 9139 1376 7763 7397 1747 1214 1549 325 601 366 1508 1464 1351 1324 1158 967 168 135 191 89 102 206 533 102 1836 462 168 85 799 581 218 469 89 415 307 108 211 130 77 73 96 111 244 524 352 301 229 159 172 97 91 329 211 170 75 169
is_linear=0
shrinkage=0.05


Tree=35
num_leaves=63
num_cat=0
split_feature=0 2 1 2 1 2 1 0 3 3 3 3 1 1 3 3 1 1 1 3 1 4 3 1 2 4 2 2 3 1 4 2 3 1 3 1 2 1 3 1 2 2 1 1 1 3 3 1 3 3 3 3 1 1 1 4 1 1 1 1 3 3
split_gain=3.80665 1.22158 1.46625 0.952215 1.85276 0.630554 0.585233 0.620511 0.613464 0.558197 0.71643 0.751825 0.9707 0.675694 0.658254 0.667575 0.554042 0.511949 0.489099 0.707724 0.571422 1.23352 0.529095 0.511389 0.460302 0.460222 0.607672 0.607948 0.572906 0.453771 0.629315 0.827582 0.983266 0.627276 0.45097 0.851662 0.806753 0.653713 0.98883 0.908019 0.521051 0.639296 0.912742 0.869537 0.587059 0.679102 0.580702 0.509644 0.470354 0.847824 0.857583 0.860717 0.502102 0.495981 0.785082 1.2449 0.614009 0.726684 0.711184 0.791101 0.781058 0.692745
threshold=3.5000000000000004 14.500000000000002 0.18350000000000002 10.500000000000002 0.12550000000000003 9.5000000000000018 0.20550000000000002 2.5000000000000004 13.675000000000002 16.565000000000001 13.595000000000001 11.435 0.13750000000000004 0.23450000000000001 11.275 9.4650000000000016 0.11450000000000002 0.032500000000000008 0.21350000000000002 11.015000000000002 0.22550000000000003 1.5000000000000002 13.515000000000002 0.22850000000000004 16.500000000000004 1.5000000000000002 9.5000000000000018 5.5000000000000009 12.975000000000003 0.29550000000000004 1.0000000180025095e-35 6.5000000000000009 10.485000000000001 0.40850000000000003 12.785000000000002 0.10550000000000001 22.500000000000004 0.18550000000000003 12.555000000000001 0.17950000000000002 17.500000000000004 16.500000000000004 0.081500000000000017 0.13850000000000004 0.15850000000000003 12.685 12.135000000000003 0.19650000000000004 8.0450000000000017 10.605000000000002 10.845000000000001 11.135000000000003 0.095500000000000015 0.15150000000000002 0.13450000000000004 1.5000000000000002 0.078500000000000014 0.048500000000000008 0.097500000000000017 0.11250000000000002 12.505000000000001 12.255000000000001
decision_type=2 2 2 2 2 2 2 2 2 2 2 2 2 2 2 2 2 2 2 2 2 2 2 2 2 2 2 2 2 2 2 2 2 2 2 2 2 2 2 2 2 2 2 2 2 2 2 2 2 2 2 2 2 2 2 2 2 2 2 2 2 2
left_child=3 2 5 4 -1 -2 8 18 17 10 11 13 -13 -6 15 -15 -7 -5 19 -8 21 -20 24 -22 -21 26 27 -14 -28 30 -17 -32 -33 -31 36 -36 37 39 47 40 41 48 -43 -44 45 -42 -45 -39 -19 -50 52 -52 -51 54 56 -56 57 -53 -58 -60 -61 -59
right_child=1 -3 -4 6 9 16 7 -9 -10 -11 -12 12 25 14 -16 29 -18 34 20 22 23 -23 -24 -25 -26 -27 28 -29 -30 33 31 32 -34 -35 35 -37 -38 38 -40 -41 44 42 43 46 -46 -47 -48 -49 49 50 51 53 -54 -55 55 -57 58 61 59 60 -62 -63
leaf_value=-0.027279749417057055 -0.017094533133534002 0.028433703987563088 0.024170887253898123 -0.022800655175806477 -0.015856637842709943 -0.0026963322176074504 0.032850522391630749 0.018208463144033057 0.0002695201113642282 0.026048068548578697 -0.019381707376326756 0.038453751894137647 -0.0053901636118471249 -0.0099912791850499602 -0.029596317651357423 -0.011922294800210313 0.021153044954980632 0.016752305374321954 -0.032344497972937862 -0.026262028644526866 0.017850523062635962 0.0012409561143277496 0.012464587522489468 0.00028273072695633885 0.0065405282267733322 -0.0058836992576457321 -0.02285558193734032 0.027611827357515051 0.014439934951074956 -0.010249956002810534 0.045574893743934058 0.025158776840191823 -0.023576962127453235 0.017968100929634183 0.0013672797181183613 -0.017458306975401409 0.011816279816866679 -0.033594641359396299 0.015020321738782478 0.018131321315553017 -0.023178330880308549 -0.019284975604535126 0.036473322488889626 -0.019155339820383928 0.0071302983787998016 0.012735320626297029 0.018043394745691995 -0.0070380298427639241 -0.016586114910680991 -0.007629378681863655 -0.027543775419084832 -0.016776880247290845 0.036126292059303719 -0.012368377564503524 -0.012235227781325485 0.040607465603476084 -0.02728079275322777 0.036696698670923213 0.017593230944809607 -0.024554045150394502 0.018245512054831482 -0.0082596069315402591
leaf_weight=9.1712052347138506 3.7958136275410679 10.963556464761494 7.5272985314950338 3.1770239765755823 11.929191271308811 7.4352132968488132 1.7814985299482922 4.2238568807952097 83.368090245930944 0.53521097451448341 6.2236819546669713 1.0089721735566879 1.584359716624024 6.3062572851777139 0.80696075037121673 0.71360019873827507 2.4936672486364841 1.5844570607878257 3.2087249010801298 1.3196836616843941 3.2863226216286412 7.6027654409408569 4.3180528515949845 124.6047675544396 1.3943102816119788 8.9392792305443418 1.4784119017422201 3.6637826766818762 0.888728767633438 4.3409787137061357 1.6611720127984884 1.1803426798433068 0.97794158570468415 2.1199645586311817 9.3700064611621219 15.088802558020687 7.5662120487540951 3.9928182931616885 1.4118608776479957 3.9793542884290209 8.0342997338157112 0.97158892638981242 2.5991179021075368 1.2506019764114173 2.2521813055500379 0.888587402179838 0.9756814083084463 3.8791285245388281 10.567914840532465 0.49473638460040348 2.1518325284123447 0.68392793741077484 1.349146924447268 4.5223090467043212 1.1574157541617744 2.1076629301533103 2.3007303709164244 1.8423001468181612 2.854224031791091 2.6335709968116139 0.67788999434560526 0.77927758079022158
leaf_count=1299 170 652 373 219 769 163 39 160 2167 7 206 53 54 208 25 24 117 62 97 41 82 180 85 2513 30 308 54 115 20 104 47 27 31 34 372 474 150 132 29 89 305 48 61 36 58 23 21 103 528 34 112 68 54 170 44 61 117 101 97 107 23 47
internal_value=-0.000749721 0.0155185 0.0078774 -0.00209611 -0.00766067 -0.0020934 -0.00102517 0.00127073 -0.00290995 -0.00391763 -0.00468529 -0.00240448 0.00561562 -0.00712399 -0.000842075 0.00204312 0.00468095 -0.00550759 0.000666416 0.0114537 -9.61186e-05 -0.0106213 0.00261799 0.000869148 -0.0121862 0.00153768 0.00992109 0.0183807 -0.00872325 0.00920365 0.0197131 0.026871 0.00260296 0.000176257 -0.00472207 -0.0104759 -0.00269267 -0.00450907 -0.0161268 -0.00235878 -0.00421551 -0.00150872 0.0126213 0.0212533 -0.013319 -0.0186789 -0.0023132 -0.0227764 -0.00408403 -0.00550095 -5.46862e-05 -0.00329375 0.0258316 0.00058409 0.00500783 0.0233988 -0.0015258 0.0142506 -0.00854 0.00128436 -0.0135928 0.0247425
internal_weight=431.998 32.2155 21.252 399.783 63.53 13.7247 336.253 151.74 184.513 54.3588 53.8236 47.5999 17.5635 30.0364 18.1072 17.3003 9.92888 101.145 147.516 8.81355 138.703 10.8115 7.03205 127.891 2.71399 16.5546 7.61528 5.24814 2.36714 10.994 4.53306 3.81946 2.15828 6.46094 97.9676 24.4588 73.5088 65.9426 9.28381 56.6588 52.6795 41.5044 5.79699 4.8254 11.1751 8.92289 2.22628 7.87195 35.7074 34.1229 23.555 21.7111 1.84388 19.5593 15.037 3.26508 11.7719 3.30551 8.46642 6.16569 3.31146 2.62158
internal_count=13999 1475 823 12524 3385 450 9139 3227 5912 2086 2079 1873 604 1269 500 475 280 3745 3067 195 2872 277 156 2595 71 551 243 169 74 267 129 105 58 138 3526 846 2680 2530 264 2266 2177 1791 166 118 386 328 57 235 1625 1563 1035 947 88 835 665 105 560 216 344 227 130 148
is_linear=0
shrinkage=0.05


Tree=36
num_leaves=63
num_cat=0
split_feature=0 2 1 2 1 2 1 1 0 3 2 1 2 1 1 3 3 1 3 1 2 3 1 3 1 1 1 3 2 1 1 3 3 1 1 1 4 1 4 1 3 3 3 3 3 3 3 4 2 1 4 3 0 0 2 3 2 3 2 1 1 3
split_gain=3.39391 1.13608 1.3024 0.902547 0.867896 1.48276 0.867981 0.76094 0.617137 0.641914 0.568252 0.554752 0.553644 0.425181 0.41768 0.435844 1.18343 0.668572 0.658051 0.406379 0.385936 0.481638 1.28594 0.828875 0.446279 0.444989 0.771322 0.368493 0.501657 0.380837 0.472509 0.67364 0.859252 0.635776 0.548604 0.380074 0.361331 0.627382 0.628508 0.612008 0.568574 1.03329 0.358939 0.329618 0.32928 0.575455 0.598744 0.329234 0.434055 0.311487 0.297613 0.284912 0.281621 1.83638 0.770631 0.492703 0.432846 0.487519 0.453524 0.42721 0.290426 0.639242
threshold=3.5000000000000004 14.500000000000002 0.16550000000000004 4.5000000000000009 0.15850000000000003 9.5000000000000018 0.15650000000000003 0.29350000000000004 2.5000000000000004 10.185 4.5000000000000009 0.17650000000000002 9.5000000000000018 0.03450000000000001 0.03450000000000001 13.515000000000002 13.785000000000002 0.027500000000000004 15.975000000000003 0.059500000000000004 24.500000000000004 15.855000000000002 0.13350000000000004 15.415000000000001 0.071500000000000008 0.11250000000000002 0.077500000000000013 11.905000000000003 28.500000000000004 0.14550000000000002 0.075500000000000012 14.335000000000003 15.135000000000003 0.10450000000000001 0.12550000000000003 0.05050000000000001 3.5000000000000004 0.07350000000000001 4.5000000000000009 0.12350000000000001 13.105000000000002 12.395000000000001 9.8650000000000002 14.555000000000001 6.5050000000000008 7.4150000000000009 8.0450000000000017 2.5000000000000004 11.500000000000002 0.10050000000000002 1.5000000000000002 14.035000000000002 1.0000000180025095e-35 1.5000000000000002 20.500000000000004 9.8150000000000031 5.5000000000000009 8.5950000000000006 13.500000000000002 0.25350000000000006 0.16750000000000004 14.375000000000002
decision_type=2 2 2 2 2 2 2 2 2 2 2 2 2 2 2 2 2 2 2 2 2 2 2 2 2 2 2 2 2 2 2 2 2 2 2 2 2 2 2 2 2 2 2 2 2 2 2 2 2 2 2 2 2 2 2 2 2 2 2 2 2 2
left_child=3 2 12 7 5 -5 14 -1 44 -10 -4 -11 50 -3 15 -7 -17 18 43 -14 21 23 24 36 -23 26 -25 -22 29 30 35 -32 -33 -34 -35 -29 -16 -38 40 49 41 -39 -9 -18 -6 -46 -47 48 -21 -40 -2 -42 56 54 -54 -55 -48 58 -58 -56 61 -59
right_child=1 13 10 4 8 6 -8 42 9 11 -12 -13 19 -15 20 16 17 -19 -20 47 27 22 -24 25 -26 -27 -28 28 -30 -31 31 32 33 34 -36 -37 37 38 39 -41 51 -43 -44 -45 45 46 52 -49 -50 -51 -52 -53 53 55 59 -57 57 60 -60 -61 -62 -63
leaf_value=-0.029118330825316709 -0.029071777770368012 -0.0041101260121698732 -0.0039162562871373156 -0.02847517851875004 0.020114299735021112 -0.024645994300378039 -0.031055264629837306 0.013922189979927085 -0.013690512372054785 -0.0081751651846014902 0.026876058453477188 0.023056711759660481 -0.015292548697182291 0.030383583325102693 -0.0046214773358423042 0.0310213306097364 0.0066644724347703112 -0.034887947560909828 0.024999986394194235 0.01262175362698386 -0.016012874182039418 -0.0038385923464775646 0.012812559107336086 -0.008666322354350723 -0.032273186970835414 -0.0021034664794904318 0.037930563305068492 -0.0043719920385457741 -0.0084134279453163749 0.025986512712380189 -0.018495730045596195 0.032164117381459328 -0.023482931510178884 0.020874793965006026 -0.0097897590863136597 0.025007724156381597 -0.019165171457079556 0.004062235655339203 -0.0069231574460893747 -0.023213499387954493 -0.015582296298578525 0.055115873803274942 -0.013404100669823458 -0.025663995931685432 -0.022386312258748021 0.021378551624939207 0.014300289662483562 0.021131249773341937 -0.010863464514031237 0.025838661385862771 -7.22200863646459e-05 0.010861766477933802 -0.034863443479944176 0.014512239895708715 -0.017566719363339863 -0.0017192969640639193 -0.031488565918342266 -0.0027940569329931494 0.0051665118220792609 0.016212337809549612 -0.00016045004717958725 0.023879651728153796
leaf_weight=4.5007892483845344 1.526557200821123 0.73334024846553703 1.5577926263213138 5.3190488065592936 0.95027734711766143 3.4247686243616027 1.8335149716585863 1.6708337664604189 1.227547868504187 1.2214490352198479 6.9793952759355307 6.4180977470241487 1.4183333292603473 9.6080812085419876 78.744255323312245 0.94125467166304577 0.76734374091029234 1.2837512660771606 0.78837313229450945 2.8834857302135788 1.1953828819096113 2.2522749332711083 2.5841670325025916 0.80663895513862316 4.4220115384086967 2.0203414969146252 2.0434342378284782 1.1451338268816496 4.1483372580260029 2.0269195698201647 2.6680769026279432 1.4417026955634353 1.4634581245481966 2.1805965285748243 1.8729411736130712 3.0903211422264576 1.2257996546104539 2.2087429012026392 0.70970961451530479 1.4585925135761497 0.8346705520525578 1.0997633580118416 1.1986896544694898 0.95057710725814104 1.9707018481567491 2.1605548039078704 4.4016093467362216 2.0904562780633569 2.9919274160638452 0.63247281685471535 1.369158901274204 1.2972724223509429 4.9688798873685291 4.3207769943401209 0.68845480494201172 37.553376466967165 1.3063320443034165 4.682176560163497 0.94396299868822087 1.1089772433042524 175.23540813964132 3.0155654698610306
leaf_count=494 92 21 34 1001 26 271 72 42 38 29 387 205 52 631 3227 24 26 58 26 68 28 89 49 34 162 49 48 31 92 30 68 22 39 38 39 59 64 74 29 52 29 28 33 41 64 63 125 50 81 14 59 31 325 98 43 831 55 183 19 29 3824 54
internal_value=-0.000703125 0.0149253 0.00755316 -0.00195964 -0.0016076 -0.00476625 -0.00361746 -0.0182145 0.000143941 0.0124028 0.0214358 0.0176949 -0.00298568 0.0277908 -0.00300446 -0.0133332 -0.00227295 -0.0152916 0.00183331 0.0032716 -0.00222119 -0.00349246 -0.0137981 -0.00233164 -0.0244283 0.0159152 0.025917 0.00378771 0.00567397 0.0096323 0.00565341 -0.00083646 0.0074076 -0.0030045 0.00757269 0.0177465 -0.00350621 0.00532558 0.010648 -0.00703231 0.0194286 0.0298862 0.00199311 -0.0140847 -0.000351761 -0.000514332 -0.000243026 0.00791395 0.000821803 0.0129556 -0.0188984 -0.00116092 -0.000527666 -0.00388057 -0.0262113 0.000254972 0.000348411 -5.8236e-05 -0.0192535 0.00161964 0.000281282 0.0091994
internal_weight=429.585 31.1585 20.8171 398.426 391.056 138.882 133.563 7.37031 252.174 8.86709 8.53719 7.63955 12.2799 10.3414 131.729 8.15607 4.7313 3.79005 2.50629 9.3842 123.573 102.34 9.25845 93.0817 6.67429 4.87041 2.85007 21.2329 20.0375 15.8891 13.8622 9.62678 6.9587 5.517 4.05354 4.23545 88.2113 9.46702 8.24122 2.80077 5.44045 3.30851 2.86952 1.71792 243.307 242.357 240.386 7.96587 5.87541 1.34218 2.89572 2.13194 238.226 48.6405 6.76631 41.8742 189.585 185.183 2.2503 1.79743 182.933 7.69774
internal_count=13999 1475 823 12524 11955 5944 4943 569 6011 272 421 234 402 652 4871 446 175 151 93 251 4425 3979 300 3679 251 131 82 446 418 326 296 206 138 116 77 90 3548 321 257 95 162 102 75 67 5739 5713 5649 199 149 43 151 60 5586 1326 397 929 4260 4135 74 72 4061 237
is_linear=0
shrinkage=0.05


Tree=37
num_leaves=63
num_cat=0
split_feature=0 2 1 2 1 2 1 1 2 0 1 1 2 1 0 3 3 3 3 4 3 1 1 1 2 0 0 3 1 1 4 2 1 4 1 1 2 3 1 1 2 2 3 2 3 1 1 1 1 4 3 1 2 1 2 3 3 1 4 3 1 3
split_gain=3.00462 1.07635 1.23496 0.819121 1.11063 0.758902 0.697242 0.610737 0.893018 0.559509 0.558505 0.546673 0.645987 0.512193 0.486974 0.542242 1.03605 0.882781 0.591381 0.555947 0.55 0.52111 0.44689 0.42904 0.419847 0.411662 2.54931 0.554204 0.635073 0.834947 0.667735 0.525758 0.731739 0.523751 0.470147 0.416372 0.544347 0.615201 0.527929 0.815819 1.15709 0.696223 0.677641 0.676894 0.867796 0.729092 0.540635 0.494139 0.952049 0.489938 0.70596 0.474813 0.444186 0.417454 0.442716 0.409075 0.817514 0.407545 0.367456 0.540669 0.714181 0.781433
threshold=3.5000000000000004 14.500000000000002 0.21350000000000002 7.5000000000000009 0.16850000000000004 5.5000000000000009 0.12950000000000003 0.070500000000000021 16.500000000000004 2.5000000000000004 0.071500000000000008 0.24450000000000002 20.500000000000004 0.07350000000000001 1.0000000180025095e-35 12.165000000000001 11.135000000000003 10.185 8.7550000000000008 2.5000000000000004 12.575000000000001 0.29750000000000004 0.065500000000000017 0.46550000000000008 4.5000000000000009 1.0000000180025095e-35 1.5000000000000002 8.5050000000000008 0.11650000000000002 0.12150000000000001 4.5000000000000009 20.500000000000004 0.25350000000000006 5.5000000000000009 0.42350000000000004 0.38450000000000006 17.500000000000004 13.155000000000003 0.34850000000000003 0.30350000000000005 9.5000000000000018 11.500000000000002 11.135000000000003 9.5000000000000018 11.435 0.23850000000000002 0.30150000000000005 0.33350000000000007 0.30950000000000005 2.5000000000000004 13.245000000000003 0.16750000000000004 16.500000000000004 0.36650000000000005 16.500000000000004 11.335000000000003 13.595000000000001 0.03450000000000001 4.5000000000000009 11.105000000000002 0.38750000000000007 12.605000000000002
decision_type=2 2 2 2 2 2 2 2 2 2 2 2 2 2 2 2 2 2 2 2 2 2 2 2 2 2 2 2 2 2 2 2 2 2 2 2 2 2 2 2 2 2 2 2 2 2 2 2 2 2 2 2 2 2 2 2 2 2 2 2 2 2
left_child=3 2 5 4 -1 -2 -7 8 -5 10 -9 12 -11 -12 15 16 17 18 19 -6 -17 -19 -10 25 -20 34 31 -28 30 -30 -29 -27 -33 58 35 38 37 -37 39 43 -41 -42 -40 44 -15 51 -45 48 -43 50 -50 -46 -51 -44 -55 -25 -57 -3 59 -31 61 -61
right_child=1 57 -4 7 14 6 -8 9 22 11 13 -13 -14 23 -16 20 -18 21 24 -21 -22 -23 -24 55 -26 26 27 28 29 33 -32 32 -34 -35 -36 36 -38 -39 42 40 41 47 53 46 45 -47 -48 -49 49 52 -52 -53 -54 54 -56 56 -58 -59 -60 60 -62 -63
leaf_value=-0.029024196207290451 -0.026317760572554555 -0.0039443677672497436 0.026004675147763241 -0.018455488847837515 0.019831084739723646 -0.0045139032705543581 0.017378774405322529 0.02483596224761991 0.0019786269032824187 -0.0022904990419259134 -0.025192955671369199 0.024076162640018911 0.025028176282001397 -0.030463114920530471 -0.015574876928213896 0.032870140773315591 -0.030279560154062614 0.032962593925172971 0.0026992785838266106 -0.016237048563231521 2.274177564417346e-05 -0.0028264480681942546 -0.018538028124664107 0.022150614369490739 -0.030043004470126901 -0.035557817394171465 0.021098974782216715 -0.022309526079802359 0.030729550656974067 -0.012522390180907107 0.017706514562060509 -0.024310800994956694 0.017197547089895172 -0.024665390916463512 -0.014962451005678721 0.010807636609881904 0.022970091712089056 -0.017708293389216947 0.0088783254621066354 0.039223367342057724 -0.015021000451612832 0.024678935732620907 -0.027632579843077154 -0.0002310226891250514 -0.0097854648590139579 -0.022462010896981702 -0.025613520457111478 0.018047893617706409 0.0010988255197734269 0.0192268432150179 -0.03502402720186492 0.032887693542014283 -0.0085894211988693982 -0.019511613645340566 0.0073977114268287819 -0.021225118370746743 0.01391731918039367 0.029935316163121197 0.014486001114789333 0.015255815334159796 -0.02537867097915842 -0.0016261501705009331
leaf_weight=5.1143689234741059 1.4373147180303991 0.73605462163686652 5.1649721311405292 11.215622972697021 1.8882165061077123 8.9371904606232402 4.8068033470772198 1.0722497217357148 17.045036392286423 10.942489168446626 1.2137709264643479 3.1629809606820336 1.6582670267671336 3.1825932301580897 5.9404885326512149 1.1943270571427991 2.1339951967820516 1.8330613216385248 1.2095334758050742 0.78734952583909024 3.0430812546983361 1.3582086283713577 2.1155998073518267 2.8238662853837004 2.0864349771291018 6.2115005031228048 1.7751417444087554 4.9553720955736926 1.1424496918916691 7.6377796661108723 0.48758052196353663 1.2079685451462867 1.0932242348790167 1.261802015826105 4.4577361419796935 3.9398540109395963 3.4213675782084465 2.0649378187954426 2.63047938235104 1.7934315297752643 2.8790915235877064 2.182296164333823 3.8660908378660661 199.70546512596775 0.41025618650019202 0.51888753660023201 1.1204084046185006 6.7075935006141654 2.5950237065553647 1.7404072321951392 1.6975607126951215 1.0772983091883359 2.1466847807168961 1.7227285113185642 2.6334481500089169 1.7042413335293529 3.2653124704957008 8.9972943151369673 2.9995390810072413 8.7152344645001012 1.3160255439579476 22.734307759441435
leaf_count=959 68 21 286 1050 92 261 208 43 524 259 75 130 43 248 221 34 80 70 56 33 86 27 77 40 81 499 53 254 33 210 11 71 28 31 84 65 47 41 50 32 64 37 89 5197 79 16 27 106 53 30 40 37 41 41 44 34 49 631 56 215 30 502
internal_value=-0.000667406 0.014307 0.0071316 -0.00183555 -0.0101498 -0.000499654 0.0038022 -0.00121273 -0.00788807 -0.000594738 -0.00105237 0.00831592 0.00288052 -0.00121468 -0.00456336 0.000334884 -0.00542277 0.00277613 -0.00839219 0.0076873 0.0137892 0.0206906 -0.00109385 -0.00104649 -0.0201961 -0.00134747 -0.00497958 -0.000690574 -0.00183466 0.000227756 -0.0165331 -0.0288146 -0.00535539 -0.00120828 -0.000446102 -0.000126178 0.00965577 -0.000126581 -0.000551294 -1.58233e-05 0.00897338 0.0045113 -0.0108393 -0.00100328 -0.017291 0.00678552 -0.000498839 0.00845474 0.00120294 -0.00706648 -0.0171049 0.0219161 0.00525081 -0.0174261 -0.00490007 0.00985565 0.000328981 0.0272445 1.37897e-05 -0.00138455 0.00150569 0.00337811
internal_weight=426.92 30.0796 20.3463 396.84 26.5891 15.1813 13.744 370.251 30.3763 339.875 324.111 15.7637 12.6008 323.039 21.4747 15.5342 11.2968 9.1628 5.97153 2.67557 4.23741 3.19127 19.1606 321.825 3.29597 314.032 61.5379 53.0252 51.2501 45.8071 5.44295 8.51269 2.30119 44.6647 252.494 248.036 9.42616 6.00479 238.61 227.757 21.7421 19.9487 10.8527 206.015 5.18904 2.00644 200.826 17.0696 10.362 8.17968 4.29258 1.48755 3.88709 8.22227 4.35618 7.79342 4.96955 9.73335 43.4029 40.4033 32.7656 31.4495
internal_count=13999 1475 823 12524 1739 537 469 10785 1651 9134 8702 432 302 8659 780 559 439 359 262 125 120 97 601 8584 137 8461 1993 1395 1342 1077 265 598 99 1044 6468 6384 153 106 6231 6007 403 371 224 5604 380 132 5224 307 201 164 93 116 71 174 85 123 83 652 1013 957 747 717
is_linear=0
shrinkage=0.05


end of trees

feature_importances:
debt_to_income_ratio=846
interest_rate=604
grade_subgrade=490
employment_status=240
delinquency_history=176

parameters:
[boosting: gbdt]
[objective: custom]
[metric: custom]
[tree_learner: serial]
[device_type: cpu]
[data_sample_strategy: bagging]
[data: ]
[valid: ]
[num_iterations: 2000]
[learning_rate: 0.05]
[num_leaves: 63]
[num_threads: 0]
[seed: 0]
[deterministic: 0]
[force_col_wise: 0]
[force_row_wise: 0]
[histogram_pool_size: -1]
[max_depth: -1]
[min_data_in_leaf: 20]
[min_sum_hessian_in_leaf: 0.001]
[bagging_fraction: 1]
[pos_bagging_fraction: 1]
[neg_bagging_fraction: 1]
[bagging_freq: 0]
[bagging_seed: 3]
[bagging_by_query: 0]
[feature_fraction: 1]
[feature_fraction_bynode: 1]
[feature_fraction_seed: 2]
[extra_trees: 0]
[extra_seed: 6]
[early_stopping_round: 0]
[early_stopping_min_delta: 0]
[first_metric_only: 0]
[max_delta_step: 0]
[lambda_l1: 0]
[lambda_l2: 1]
[linear_lambda: 0]
[min_gain_to_split: 0]
[drop_rate: 0.1]
[max_drop: 50]
[skip_drop: 0.5]
[xgboost_dart_mode: 0]
[uniform_drop: 0]
[drop_seed: 4]
[top_rate: 0.2]
[other_rate: 0.1]
[min_data_per_group: 100]
[max_cat_threshold: 32]
[cat_l2: 10]
[cat_smooth: 10]
[max_cat_to_onehot: 4]
[top_k: 20]
[monotone_constraints: ]
[monotone_constraints_method: basic]
[monotone_penalty: 0]
[feature_contri: ]
[forcedsplits_filename: ]
[refit_decay_rate: 0.9]
[cegb_tradeoff: 1]
[cegb_penalty_split: 0]
[cegb_penalty_feature_lazy: ]
[cegb_penalty_feature_coupled: ]
[path_smooth: 0]
[interaction_constraints: ]
[verbosity: -1]
[saved_feature_importance_type: 0]
[use_quantized_grad: 0]
[num_grad_quant_bins: 4]
[quant_train_renew_leaf: 0]
[stochastic_rounding: 1]
[linear_tree: 0]
[max_bin: 255]
[max_bin_by_feature: ]
[min_data_in_bin: 3]
[bin_construct_sample_cnt: 200000]
[data_random_seed: 1]
[is_enable_sparse: 1]
[enable_bundle: 1]
[use_missing: 1]
[zero_as_missing: 0]
[feature_pre_filter: 1]
[pre_partition: 0]
[two_round: 0]
[header: 0]
[label_column: ]
[weight_column: ]
[group_column: ]
[ignore_column: ]
[categorical_feature: ]
[forcedbins_filename: ]
[precise_float_parser: 0]
[parser_config_file: ]
[objective_seed: 5]
[num_class: 1]
[is_unbalance: 0]
[scale_pos_weight: 1]
[sigmoid: 1]
[boost_from_average: 1]
[reg_sqrt: 0]
[alpha: 0.9]
[fair_c: 1]
[poisson_max_delta_step: 0.7]
[tweedie_variance_power: 1.5]
[lambdarank_truncation_level: 30]
[lambdarank_norm: 1]
[label_gain: ]
[lambdarank_position_bias_regularization: 0]
[eval_at: ]
[multi_error_top_k: 1]
[auc_mu_weights: ]
[num_machines: 1]
[local_listen_port: 12400]
[time_out: 120]
[machine_list_filename: ]
[machines: ]
[gpu_platform_id: -1]
[gpu_device_id: -1]
[gpu_use_dp: 0]
[num_gpu: 1]

end of parameters

pandas_categorical:[]
